cancer_code,n_samples,Ensembl_Gene_ID,Symbol,n_gt25,pct_gt25,n_gt50,pct_gt50,n_gt100,pct_gt100,n_gt200,pct_gt200
ACC,77,FATE1,FATE1,21,27.27,19,24.68,15,19.48,11,14.29
ACC,77,PRAME,PRAME,11,14.29,7,9.09,4,5.19,1,1.3
ACC,77,MAGEB2,MAGEB2,4,5.19,2,2.6,1,1.3,0,0.0
ACC,77,MAGEC2,MAGEC2,4,5.19,2,2.6,0,0.0,0,0.0
ACC,77,PLAC1,PLAC1,4,5.19,3,3.9,2,2.6,0,0.0
ACC,77,XAGE1,XAGE1,4,5.19,4,5.19,2,2.6,2,2.6
ACC,77,COX7B2,COX7B2,2,2.6,1,1.3,0,0.0,0,0.0
ACC,77,MAGEA3,MAGEA3,2,2.6,2,2.6,0,0.0,0,0.0
ACC,77,PAGE2,PAGE2,2,2.6,1,1.3,1,1.3,0,0.0
ACC,77,CT83,CT83,1,1.3,1,1.3,0,0.0,0,0.0
ACC,77,MAGEA9,MAGEA9,1,1.3,0,0.0,0,0.0,0,0.0
ACC,77,PAGE5,PAGE5,1,1.3,1,1.3,0,0.0,0,0.0
ACC,77,SSX2,SSX2,1,1.3,1,1.3,0,0.0,0,0.0
ACC,77,STKLD1,STKLD1,1,1.3,0,0.0,0,0.0,0,0.0
ACC,77,VCY,VCY,1,1.3,1,1.3,0,0.0,0,0.0
ATRT,4,PRAME,PRAME,4,100.0,4,100.0,1,25.0,0,0.0
BLCA,407,MAGEA3,MAGEA3,154,37.84,127,31.2,67,16.46,15,3.69
BLCA,407,MAGEA9,MAGEA9,112,27.52,52,12.78,9,2.21,0,0.0
BLCA,407,MAGEA4,MAGEA4,63,15.48,40,9.83,28,6.88,10,2.46
BLCA,407,NY-ESO-1,NY-ESO-1,51,12.53,40,9.83,26,6.39,10,2.46
BLCA,407,GAGE1,GAGE1,41,10.07,28,6.88,22,5.41,18,4.42
BLCA,407,MAGEA12,MAGEA12,40,9.83,8,1.97,0,0.0,0,0.0
BLCA,407,XAGE1,XAGE1,39,9.58,35,8.6,28,6.88,22,5.41
BLCA,407,PRAME,PRAME,36,8.85,13,3.19,9,2.21,2,0.49
BLCA,407,COX7B2,COX7B2,33,8.11,12,2.95,0,0.0,0,0.0
BLCA,407,PAGE2,PAGE2,30,7.37,28,6.88,22,5.41,18,4.42
BLCA,407,CXorf49,CXorf49,28,6.88,18,4.42,9,2.21,6,1.47
BLCA,407,MAGEA2,MAGEA2,28,6.88,2,0.49,0,0.0,0,0.0
BLCA,407,MAGEA10,MAGEA10,25,6.14,7,1.72,0,0.0,0,0.0
BLCA,407,MAGEA1,MAGEA1,24,5.9,6,1.47,0,0.0,0,0.0
BLCA,407,MAGEC2,MAGEC2,17,4.18,6,1.47,1,0.25,0,0.0
BLCA,407,CT45A1,CT45A1,16,3.93,1,0.25,1,0.25,0,0.0
BLCA,407,VCX,VCX,16,3.93,10,2.46,6,1.47,4,0.98
BLCA,407,SSX2,SSX2,14,3.44,7,1.72,3,0.74,1,0.25
BLCA,407,XAGE2,XAGE2,12,2.95,7,1.72,5,1.23,1,0.25
BLCA,407,SPANXA1,SPANXA1,11,2.7,9,2.21,5,1.23,2,0.49
BLCA,407,VCX3B,VCX3B,11,2.7,7,1.72,0,0.0,0,0.0
BLCA,407,CGB8,CGB8,10,2.46,8,1.97,3,0.74,3,0.74
BLCA,407,MAGEB2,MAGEB2,10,2.46,7,1.72,1,0.25,0,0.0
BLCA,407,TUBA3C,TUBA3C,10,2.46,6,1.47,0,0.0,0,0.0
BLCA,407,SPANXB1,SPANXB1,9,2.21,4,0.98,3,0.74,2,0.49
BLCA,407,CT83,CT83,8,1.97,3,0.74,0,0.0,0,0.0
BLCA,407,MAGEA8,MAGEA8,8,1.97,3,0.74,0,0.0,0,0.0
BLCA,407,PSG5,PSG5,8,1.97,3,0.74,2,0.49,1,0.25
BLCA,407,EGFL6,EGFL6,7,1.72,0,0.0,0,0.0,0,0.0
BLCA,407,PAGE5,PAGE5,7,1.72,5,1.23,5,1.23,3,0.74
BLCA,407,TSPY1,TSPY1,7,1.72,6,1.47,5,1.23,2,0.49
BLCA,407,PLAC1,PLAC1,6,1.47,0,0.0,0,0.0,0,0.0
BLCA,407,SSX1,SSX1,6,1.47,4,0.98,0,0.0,0,0.0
BLCA,407,VCY,VCY,6,1.47,5,1.23,4,0.98,3,0.74
BLCA,407,FTHL17,FTHL17,4,0.98,2,0.49,0,0.0,0,0.0
BLCA,407,TEKT5,TEKT5,4,0.98,1,0.25,1,0.25,0,0.0
BLCA,407,YBX2,YBX2,4,0.98,1,0.25,0,0.0,0,0.0
BLCA,407,PAGE1,PAGE1,3,0.74,3,0.74,3,0.74,0,0.0
BLCA,407,PSG1,PSG1,3,0.74,2,0.49,0,0.0,0,0.0
BLCA,407,ACTL8,ACTL8,2,0.49,0,0.0,0,0.0,0,0.0
BLCA,407,ADAM2,ADAM2,2,0.49,1,0.25,0,0.0,0,0.0
BLCA,407,AKNAD1,AKNAD1,2,0.49,1,0.25,1,0.25,1,0.25
BLCA,407,C20orf141,C20orf141,2,0.49,0,0.0,0,0.0,0,0.0
BLCA,407,CTCFL,CTCFL,2,0.49,0,0.0,0,0.0,0,0.0
BLCA,407,DAZ1,DAZ1,2,0.49,2,0.49,2,0.49,2,0.49
BLCA,407,MAGEC1,MAGEC1,2,0.49,1,0.25,0,0.0,0,0.0
BLCA,407,RBMY1A1,RBMY1A1,2,0.49,1,0.25,1,0.25,0,0.0
BLCA,407,DPEP3,DPEP3,1,0.25,1,0.25,1,0.25,0,0.0
BLCA,407,DPPA2,DPPA2,1,0.25,0,0.0,0,0.0,0,0.0
BLCA,407,HORMAD1,HORMAD1,1,0.25,0,0.0,0,0.0,0,0.0
BLCA,407,NAA11,NAA11,1,0.25,0,0.0,0,0.0,0,0.0
BLCA,407,ODF1,ODF1,1,0.25,0,0.0,0,0.0,0,0.0
BLCA,407,PASD1,PASD1,1,0.25,0,0.0,0,0.0,0,0.0
BLCA,407,SSX4,SSX4,1,0.25,0,0.0,0,0.0,0,0.0
BLCA,407,TKTL1,TKTL1,1,0.25,1,0.25,1,0.25,0,0.0
BLCA,407,TRIML2,TRIML2,1,0.25,0,0.0,0,0.0,0,0.0
BLCA,407,XAGE3,XAGE3,1,0.25,0,0.0,0,0.0,0,0.0
BLCA,407,XAGE5,XAGE5,1,0.25,0,0.0,0,0.0,0,0.0
BRCA,1099,PRAME,PRAME,206,18.74,119,10.83,48,4.37,19,1.73
BRCA,1099,MAGEA3,MAGEA3,81,7.37,58,5.28,39,3.55,10,0.91
BRCA,1099,CT83,CT83,60,5.46,16,1.46,0,0.0,0,0.0
BRCA,1099,XAGE1,XAGE1,55,5.0,40,3.64,32,2.91,23,2.09
BRCA,1099,YBX2,YBX2,49,4.46,8,0.73,0,0.0,0,0.0
BRCA,1099,HORMAD1,HORMAD1,48,4.37,11,1.0,2,0.18,0,0.0
BRCA,1099,ACTL8,ACTL8,37,3.37,25,2.27,10,0.91,2,0.18
BRCA,1099,MAGEA4,MAGEA4,36,3.28,29,2.64,17,1.55,5,0.45
BRCA,1099,CXorf49,CXorf49,34,3.09,19,1.73,14,1.27,4,0.36
BRCA,1099,MAGEA1,MAGEA1,32,2.91,10,0.91,0,0.0,0,0.0
BRCA,1099,NY-ESO-1,NY-ESO-1,29,2.64,24,2.18,16,1.46,6,0.55
BRCA,1099,PAGE2,PAGE2,28,2.55,18,1.64,14,1.27,8,0.73
BRCA,1099,GAGE1,GAGE1,27,2.46,22,2.0,15,1.36,8,0.73
BRCA,1099,MAGEA12,MAGEA12,27,2.46,6,0.55,0,0.0,0,0.0
BRCA,1099,XAGE2,XAGE2,20,1.82,12,1.09,8,0.73,2,0.18
BRCA,1099,MAGEA2,MAGEA2,19,1.73,1,0.09,0,0.0,0,0.0
BRCA,1099,SPANXB1,SPANXB1,17,1.55,9,0.82,7,0.64,4,0.36
BRCA,1099,MAGEA9,MAGEA9,16,1.46,9,0.82,2,0.18,0,0.0
BRCA,1099,SPANXA1,SPANXA1,14,1.27,12,1.09,10,0.91,9,0.82
BRCA,1099,FTHL17,FTHL17,11,1.0,2,0.18,0,0.0,0,0.0
BRCA,1099,MAGEC2,MAGEC2,9,0.82,4,0.36,2,0.18,0,0.0
BRCA,1099,PAGE5,PAGE5,9,0.82,7,0.64,6,0.55,2,0.18
BRCA,1099,SSX1,SSX1,9,0.82,2,0.18,1,0.09,0,0.0
BRCA,1099,COX7B2,COX7B2,8,0.73,2,0.18,0,0.0,0,0.0
BRCA,1099,CT45A1,CT45A1,8,0.73,2,0.18,0,0.0,0,0.0
BRCA,1099,MAGEA8,MAGEA8,6,0.55,4,0.36,0,0.0,0,0.0
BRCA,1099,PLAC1,PLAC1,6,0.55,3,0.27,0,0.0,0,0.0
BRCA,1099,VCX,VCX,6,0.55,4,0.36,3,0.27,1,0.09
BRCA,1099,CRISP2,CRISP2,5,0.45,0,0.0,0,0.0,0,0.0
BRCA,1099,EGFL6,EGFL6,4,0.36,2,0.18,1,0.09,1,0.09
BRCA,1099,MAGEA10,MAGEA10,4,0.36,1,0.09,0,0.0,0,0.0
BRCA,1099,MAGEB2,MAGEB2,4,0.36,1,0.09,0,0.0,0,0.0
BRCA,1099,PAGE1,PAGE1,4,0.36,4,0.36,4,0.36,2,0.18
BRCA,1099,SSX2,SSX2,4,0.36,2,0.18,1,0.09,0,0.0
BRCA,1099,TEX14,TEX14,4,0.36,3,0.27,2,0.18,1,0.09
BRCA,1099,TUBA3C,TUBA3C,4,0.36,3,0.27,0,0.0,0,0.0
BRCA,1099,XAGE3,XAGE3,4,0.36,2,0.18,1,0.09,1,0.09
BRCA,1099,ADAM2,ADAM2,3,0.27,1,0.09,1,0.09,0,0.0
BRCA,1099,ADAM29,ADAM29,3,0.27,0,0.0,0,0.0,0,0.0
BRCA,1099,FMR1NB,FMR1NB,3,0.27,3,0.27,1,0.09,1,0.09
BRCA,1099,TDRD1,TDRD1,3,0.27,0,0.0,0,0.0,0,0.0
BRCA,1099,TEX19,TEX19,3,0.27,1,0.09,1,0.09,0,0.0
BRCA,1099,VCX3B,VCX3B,3,0.27,2,0.18,2,0.18,1,0.09
BRCA,1099,CSH2,CSH2,2,0.18,0,0.0,0,0.0,0,0.0
BRCA,1099,FATE1,FATE1,2,0.18,2,0.18,1,0.09,1,0.09
BRCA,1099,MAGEC1,MAGEC1,2,0.18,1,0.09,0,0.0,0,0.0
BRCA,1099,PSG9,PSG9,2,0.18,1,0.09,0,0.0,0,0.0
BRCA,1099,XAGE5,XAGE5,2,0.18,2,0.18,1,0.09,0,0.0
BRCA,1099,ANKRD7,ANKRD7,1,0.09,0,0.0,0,0.0,0,0.0
BRCA,1099,CGB8,CGB8,1,0.09,0,0.0,0,0.0,0,0.0
BRCA,1099,DKKL1,DKKL1,1,0.09,1,0.09,0,0.0,0,0.0
BRCA,1099,DMRTC2,DMRTC2,1,0.09,1,0.09,0,0.0,0,0.0
BRCA,1099,LDHC,LDHC,1,0.09,0,0.0,0,0.0,0,0.0
BRCA,1099,LRRC36,LRRC36,1,0.09,0,0.0,0,0.0,0,0.0
BRCA,1099,MAGEB16,MAGEB16,1,0.09,0,0.0,0,0.0,0,0.0
BRCA,1099,PRM1,PRM1,1,0.09,1,0.09,0,0.0,0,0.0
BRCA,1099,PSG11,PSG11,1,0.09,1,0.09,1,0.09,0,0.0
BRCA,1099,PSG5,PSG5,1,0.09,0,0.0,0,0.0,0,0.0
BRCA,1099,RAD21L1,RAD21L1,1,0.09,1,0.09,0,0.0,0,0.0
BRCA,1099,RBMXL2,RBMXL2,1,0.09,0,0.0,0,0.0,0,0.0
BRCA,1099,SPO11,SPO11,1,0.09,0,0.0,0,0.0,0,0.0
BRCA,1099,SYCP1,SYCP1,1,0.09,0,0.0,0,0.0,0,0.0
BRCA,1099,TEX101,TEX101,1,0.09,1,0.09,0,0.0,0,0.0
BRCA,1099,TKTL1,TKTL1,1,0.09,0,0.0,0,0.0,0,0.0
BRCA,1099,TRIML2,TRIML2,1,0.09,0,0.0,0,0.0,0,0.0
BRCA,1099,ZPBP2,ZPBP2,1,0.09,0,0.0,0,0.0,0,0.0
BRCA_Basal,172,PRAME,PRAME,73,42.44,35,20.35,6,3.49,3,1.74
BRCA_Basal,172,CT83,CT83,51,29.65,14,8.14,0,0.0,0,0.0
BRCA_Basal,172,HORMAD1,HORMAD1,41,23.84,10,5.81,2,1.16,0,0.0
BRCA_Basal,172,MAGEA3,MAGEA3,37,21.51,27,15.7,14,8.14,3,1.74
BRCA_Basal,172,CXorf49,CXorf49,32,18.6,19,11.05,14,8.14,4,2.33
BRCA_Basal,172,ACTL8,ACTL8,31,18.02,24,13.95,10,5.81,2,1.16
BRCA_Basal,172,MAGEA4,MAGEA4,25,14.53,21,12.21,12,6.98,4,2.33
BRCA_Basal,172,NY-ESO-1,NY-ESO-1,20,11.63,18,10.47,12,6.98,4,2.33
BRCA_Basal,172,XAGE2,XAGE2,16,9.3,11,6.4,7,4.07,2,1.16
BRCA_Basal,172,YBX2,YBX2,11,6.4,2,1.16,0,0.0,0,0.0
BRCA_Basal,172,MAGEA12,MAGEA12,8,4.65,3,1.74,0,0.0,0,0.0
BRCA_Basal,172,MAGEA9,MAGEA9,8,4.65,3,1.74,1,0.58,0,0.0
BRCA_Basal,172,FTHL17,FTHL17,7,4.07,2,1.16,0,0.0,0,0.0
BRCA_Basal,172,MAGEA2,MAGEA2,7,4.07,0,0.0,0,0.0,0,0.0
BRCA_Basal,172,PAGE2,PAGE2,7,4.07,6,3.49,5,2.91,3,1.74
BRCA_Basal,172,XAGE1,XAGE1,6,3.49,4,2.33,4,2.33,3,1.74
BRCA_Basal,172,COX7B2,COX7B2,4,2.33,2,1.16,0,0.0,0,0.0
BRCA_Basal,172,GAGE1,GAGE1,4,2.33,4,2.33,2,1.16,2,1.16
BRCA_Basal,172,MAGEA10,MAGEA10,4,2.33,1,0.58,0,0.0,0,0.0
BRCA_Basal,172,MAGEC2,MAGEC2,4,2.33,2,1.16,1,0.58,0,0.0
BRCA_Basal,172,XAGE3,XAGE3,3,1.74,2,1.16,1,0.58,1,0.58
BRCA_Basal,172,CT45A1,CT45A1,2,1.16,1,0.58,0,0.0,0,0.0
BRCA_Basal,172,EGFL6,EGFL6,2,1.16,1,0.58,1,0.58,1,0.58
BRCA_Basal,172,MAGEA1,MAGEA1,2,1.16,0,0.0,0,0.0,0,0.0
BRCA_Basal,172,PAGE1,PAGE1,2,1.16,2,1.16,2,1.16,1,0.58
BRCA_Basal,172,SSX1,SSX1,2,1.16,1,0.58,0,0.0,0,0.0
BRCA_Basal,172,VCX,VCX,2,1.16,2,1.16,2,1.16,1,0.58
BRCA_Basal,172,VCX3B,VCX3B,2,1.16,2,1.16,2,1.16,1,0.58
BRCA_Basal,172,ANKRD7,ANKRD7,1,0.58,0,0.0,0,0.0,0,0.0
BRCA_Basal,172,CRISP2,CRISP2,1,0.58,0,0.0,0,0.0,0,0.0
BRCA_Basal,172,MAGEA8,MAGEA8,1,0.58,0,0.0,0,0.0,0,0.0
BRCA_Basal,172,MAGEB2,MAGEB2,1,0.58,0,0.0,0,0.0,0,0.0
BRCA_Basal,172,PAGE5,PAGE5,1,0.58,1,0.58,1,0.58,0,0.0
BRCA_Basal,172,RBMXL2,RBMXL2,1,0.58,0,0.0,0,0.0,0,0.0
BRCA_Basal,172,SPANXB1,SPANXB1,1,0.58,0,0.0,0,0.0,0,0.0
BRCA_Basal,172,TDRD1,TDRD1,1,0.58,0,0.0,0,0.0,0,0.0
BRCA_Basal,172,TRIML2,TRIML2,1,0.58,0,0.0,0,0.0,0,0.0
BRCA_HER2,77,MAGEA3,MAGEA3,14,18.18,10,12.99,7,9.09,3,3.9
BRCA_HER2,77,PRAME,PRAME,11,14.29,5,6.49,5,6.49,1,1.3
BRCA_HER2,77,MAGEA12,MAGEA12,7,9.09,1,1.3,0,0.0,0,0.0
BRCA_HER2,77,MAGEA4,MAGEA4,7,9.09,6,7.79,5,6.49,1,1.3
BRCA_HER2,77,NY-ESO-1,NY-ESO-1,6,7.79,4,5.19,3,3.9,1,1.3
BRCA_HER2,77,XAGE1,XAGE1,6,7.79,6,7.79,4,5.19,4,5.19
BRCA_HER2,77,MAGEA2,MAGEA2,5,6.49,1,1.3,0,0.0,0,0.0
BRCA_HER2,77,PAGE5,PAGE5,5,6.49,4,5.19,3,3.9,1,1.3
BRCA_HER2,77,GAGE1,GAGE1,4,5.19,4,5.19,3,3.9,1,1.3
BRCA_HER2,77,PAGE2,PAGE2,3,3.9,2,2.6,2,2.6,2,2.6
BRCA_HER2,77,SSX1,SSX1,3,3.9,0,0.0,0,0.0,0,0.0
BRCA_HER2,77,YBX2,YBX2,3,3.9,1,1.3,0,0.0,0,0.0
BRCA_HER2,77,ACTL8,ACTL8,2,2.6,0,0.0,0,0.0,0,0.0
BRCA_HER2,77,COX7B2,COX7B2,2,2.6,0,0.0,0,0.0,0,0.0
BRCA_HER2,77,CRISP2,CRISP2,2,2.6,0,0.0,0,0.0,0,0.0
BRCA_HER2,77,MAGEA9,MAGEA9,2,2.6,2,2.6,0,0.0,0,0.0
BRCA_HER2,77,MAGEC1,MAGEC1,2,2.6,1,1.3,0,0.0,0,0.0
BRCA_HER2,77,TUBA3C,TUBA3C,2,2.6,1,1.3,0,0.0,0,0.0
BRCA_HER2,77,XAGE5,XAGE5,2,2.6,2,2.6,1,1.3,0,0.0
BRCA_HER2,77,CSH2,CSH2,1,1.3,0,0.0,0,0.0,0,0.0
BRCA_HER2,77,CT45A1,CT45A1,1,1.3,0,0.0,0,0.0,0,0.0
BRCA_HER2,77,CT83,CT83,1,1.3,0,0.0,0,0.0,0,0.0
BRCA_HER2,77,DMRTC2,DMRTC2,1,1.3,1,1.3,0,0.0,0,0.0
BRCA_HER2,77,FATE1,FATE1,1,1.3,1,1.3,1,1.3,1,1.3
BRCA_HER2,77,FMR1NB,FMR1NB,1,1.3,1,1.3,0,0.0,0,0.0
BRCA_HER2,77,FTHL17,FTHL17,1,1.3,0,0.0,0,0.0,0,0.0
BRCA_HER2,77,MAGEA1,MAGEA1,1,1.3,0,0.0,0,0.0,0,0.0
BRCA_HER2,77,MAGEA8,MAGEA8,1,1.3,1,1.3,0,0.0,0,0.0
BRCA_HER2,77,MAGEC2,MAGEC2,1,1.3,0,0.0,0,0.0,0,0.0
BRCA_HER2,77,PAGE1,PAGE1,1,1.3,1,1.3,1,1.3,1,1.3
BRCA_HER2,77,SSX2,SSX2,1,1.3,0,0.0,0,0.0,0,0.0
BRCA_HER2,77,TDRD1,TDRD1,1,1.3,0,0.0,0,0.0,0,0.0
BRCA_HER2,77,VCX,VCX,1,1.3,0,0.0,0,0.0,0,0.0
BRCA_HER2,77,ZPBP2,ZPBP2,1,1.3,0,0.0,0,0.0,0,0.0
BRCA_LumA,501,PRAME,PRAME,49,9.78,30,5.99,13,2.59,3,0.6
BRCA_LumA,501,XAGE1,XAGE1,19,3.79,13,2.59,10,2.0,6,1.2
BRCA_LumA,501,MAGEA1,MAGEA1,18,3.59,5,1.0,0,0.0,0,0.0
BRCA_LumA,501,YBX2,YBX2,13,2.59,2,0.4,0,0.0,0,0.0
BRCA_LumA,501,MAGEA3,MAGEA3,9,1.8,7,1.4,6,1.2,2,0.4
BRCA_LumA,501,SPANXB1,SPANXB1,8,1.6,4,0.8,2,0.4,1,0.2
BRCA_LumA,501,PAGE2,PAGE2,7,1.4,1,0.2,1,0.2,1,0.2
BRCA_LumA,501,GAGE1,GAGE1,6,1.2,5,1.0,4,0.8,2,0.4
BRCA_LumA,501,MAGEA12,MAGEA12,6,1.2,2,0.4,0,0.0,0,0.0
BRCA_LumA,501,SPANXA1,SPANXA1,6,1.2,5,1.0,3,0.6,2,0.4
BRCA_LumA,501,MAGEA2,MAGEA2,4,0.8,0,0.0,0,0.0,0,0.0
BRCA_LumA,501,MAGEA9,MAGEA9,4,0.8,3,0.6,1,0.2,0,0.0
BRCA_LumA,501,ADAM2,ADAM2,2,0.4,1,0.2,1,0.2,0,0.0
BRCA_LumA,501,MAGEA8,MAGEA8,2,0.4,2,0.4,0,0.0,0,0.0
BRCA_LumA,501,MAGEB2,MAGEB2,2,0.4,0,0.0,0,0.0,0,0.0
BRCA_LumA,501,MAGEC2,MAGEC2,2,0.4,1,0.2,0,0.0,0,0.0
BRCA_LumA,501,TEX14,TEX14,2,0.4,1,0.2,0,0.0,0,0.0
BRCA_LumA,501,ADAM29,ADAM29,1,0.2,0,0.0,0,0.0,0,0.0
BRCA_LumA,501,CGB8,CGB8,1,0.2,0,0.0,0,0.0,0,0.0
BRCA_LumA,501,COX7B2,COX7B2,1,0.2,0,0.0,0,0.0,0,0.0
BRCA_LumA,501,CRISP2,CRISP2,1,0.2,0,0.0,0,0.0,0,0.0
BRCA_LumA,501,CSH2,CSH2,1,0.2,0,0.0,0,0.0,0,0.0
BRCA_LumA,501,CT45A1,CT45A1,1,0.2,0,0.0,0,0.0,0,0.0
BRCA_LumA,501,MAGEA4,MAGEA4,1,0.2,1,0.2,0,0.0,0,0.0
BRCA_LumA,501,PSG9,PSG9,1,0.2,1,0.2,0,0.0,0,0.0
BRCA_LumA,501,SSX1,SSX1,1,0.2,0,0.0,0,0.0,0,0.0
BRCA_LumA,501,SYCP1,SYCP1,1,0.2,0,0.0,0,0.0,0,0.0
BRCA_LumA,501,TKTL1,TKTL1,1,0.2,0,0.0,0,0.0,0,0.0
BRCA_LumA,501,TUBA3C,TUBA3C,1,0.2,1,0.2,0,0.0,0,0.0
BRCA_LumA,501,VCX,VCX,1,0.2,1,0.2,0,0.0,0,0.0
BRCA_LumB,199,PRAME,PRAME,48,24.12,34,17.09,16,8.04,7,3.52
BRCA_LumB,199,XAGE1,XAGE1,19,9.55,14,7.04,11,5.53,7,3.52
BRCA_LumB,199,YBX2,YBX2,19,9.55,2,1.01,0,0.0,0,0.0
BRCA_LumB,199,MAGEA3,MAGEA3,14,7.04,11,5.53,10,5.03,2,1.01
BRCA_LumB,199,PAGE2,PAGE2,10,5.03,8,4.02,5,2.51,1,0.5
BRCA_LumB,199,MAGEA1,MAGEA1,8,4.02,4,2.01,0,0.0,0,0.0
BRCA_LumB,199,SPANXA1,SPANXA1,8,4.02,7,3.52,7,3.52,7,3.52
BRCA_LumB,199,GAGE1,GAGE1,7,3.52,3,1.51,2,1.01,0,0.0
BRCA_LumB,199,SPANXB1,SPANXB1,7,3.52,5,2.51,5,2.51,3,1.51
BRCA_LumB,199,MAGEA12,MAGEA12,5,2.51,0,0.0,0,0.0,0,0.0
BRCA_LumB,199,CT45A1,CT45A1,4,2.01,1,0.5,0,0.0,0,0.0
BRCA_LumB,199,PLAC1,PLAC1,4,2.01,2,1.01,0,0.0,0,0.0
BRCA_LumB,199,MAGEA2,MAGEA2,3,1.51,0,0.0,0,0.0,0,0.0
BRCA_LumB,199,PAGE5,PAGE5,3,1.51,2,1.01,2,1.01,1,0.5
BRCA_LumB,199,SSX1,SSX1,3,1.51,1,0.5,1,0.5,0,0.0
BRCA_LumB,199,SSX2,SSX2,3,1.51,2,1.01,1,0.5,0,0.0
BRCA_LumB,199,TEX19,TEX19,3,1.51,1,0.5,1,0.5,0,0.0
BRCA_LumB,199,ACTL8,ACTL8,2,1.01,0,0.0,0,0.0,0,0.0
BRCA_LumB,199,FMR1NB,FMR1NB,2,1.01,2,1.01,1,0.5,1,0.5
BRCA_LumB,199,MAGEA8,MAGEA8,2,1.01,1,0.5,0,0.0,0,0.0
BRCA_LumB,199,ADAM2,ADAM2,1,0.5,0,0.0,0,0.0,0,0.0
BRCA_LumB,199,COX7B2,COX7B2,1,0.5,0,0.0,0,0.0,0,0.0
BRCA_LumB,199,CRISP2,CRISP2,1,0.5,0,0.0,0,0.0,0,0.0
BRCA_LumB,199,CT83,CT83,1,0.5,0,0.0,0,0.0,0,0.0
BRCA_LumB,199,FATE1,FATE1,1,0.5,1,0.5,0,0.0,0,0.0
BRCA_LumB,199,LRRC36,LRRC36,1,0.5,0,0.0,0,0.0,0,0.0
BRCA_LumB,199,MAGEA4,MAGEA4,1,0.5,0,0.0,0,0.0,0,0.0
BRCA_LumB,199,MAGEC2,MAGEC2,1,0.5,1,0.5,1,0.5,0,0.0
BRCA_LumB,199,PSG11,PSG11,1,0.5,1,0.5,1,0.5,0,0.0
BRCA_LumB,199,RAD21L1,RAD21L1,1,0.5,1,0.5,0,0.0,0,0.0
BRCA_LumB,199,SPO11,SPO11,1,0.5,0,0.0,0,0.0,0,0.0
BRCA_LumB,199,TDRD1,TDRD1,1,0.5,0,0.0,0,0.0,0,0.0
BRCA_LumB,199,TEX101,TEX101,1,0.5,1,0.5,0,0.0,0,0.0
BRCA_LumB,199,TUBA3C,TUBA3C,1,0.5,1,0.5,0,0.0,0,0.0
BRCA_LumB,199,VCX,VCX,1,0.5,0,0.0,0,0.0,0,0.0
BRCA_Normal,35,EGFL6,EGFL6,2,5.71,1,2.86,0,0.0,0,0.0
BRCA_Normal,35,MAGEA3,MAGEA3,2,5.71,1,2.86,1,2.86,0,0.0
BRCA_Normal,35,PRAME,PRAME,2,5.71,0,0.0,0,0.0,0,0.0
BRCA_Normal,35,HORMAD1,HORMAD1,1,2.86,0,0.0,0,0.0,0,0.0
BRCA_Normal,35,MAGEA4,MAGEA4,1,2.86,0,0.0,0,0.0,0,0.0
BRCA_Normal,35,MAGEC2,MAGEC2,1,2.86,0,0.0,0,0.0,0,0.0
BRCA_Normal,35,TEX14,TEX14,1,2.86,1,2.86,1,2.86,0,0.0
BRCA_Normal,35,VCX,VCX,1,2.86,1,2.86,1,2.86,0,0.0
BRCA_Normal,35,VCX3B,VCX3B,1,2.86,0,0.0,0,0.0,0,0.0
BRCA_Normal,35,XAGE1,XAGE1,1,2.86,0,0.0,0,0.0,0,0.0
CESC,306,YBX2,YBX2,49,16.01,13,4.25,0,0.0,0,0.0
CESC,306,PRAME,PRAME,34,11.11,16,5.23,8,2.61,5,1.63
CESC,306,MAGEA3,MAGEA3,31,10.13,24,7.84,16,5.23,9,2.94
CESC,306,MAGEA4,MAGEA4,30,9.8,21,6.86,12,3.92,5,1.63
CESC,306,CT83,CT83,27,8.82,15,4.9,8,2.61,0,0.0
CESC,306,CTCFL,CTCFL,27,8.82,6,1.96,0,0.0,0,0.0
CESC,306,CXorf49,CXorf49,19,6.21,12,3.92,1,0.33,1,0.33
CESC,306,MAGEA1,MAGEA1,16,5.23,7,2.29,1,0.33,0,0.0
CESC,306,GAGE1,GAGE1,13,4.25,12,3.92,9,2.94,6,1.96
CESC,306,ACTL8,ACTL8,9,2.94,7,2.29,3,0.98,0,0.0
CESC,306,EGFL6,EGFL6,9,2.94,2,0.65,0,0.0,0,0.0
CESC,306,MAGEA12,MAGEA12,8,2.61,3,0.98,1,0.33,0,0.0
CESC,306,MAGEA2,MAGEA2,7,2.29,1,0.33,1,0.33,0,0.0
CESC,306,TKTL1,TKTL1,7,2.29,4,1.31,2,0.65,0,0.0
CESC,306,MAGEA9,MAGEA9,5,1.63,1,0.33,1,0.33,0,0.0
CESC,306,SYCE2,SYCE2,5,1.63,0,0.0,0,0.0,0,0.0
CESC,306,MEIOB,MEIOB,4,1.31,0,0.0,0,0.0,0,0.0
CESC,306,NY-ESO-1,NY-ESO-1,4,1.31,2,0.65,0,0.0,0,0.0
CESC,306,PSG5,PSG5,4,1.31,3,0.98,1,0.33,0,0.0
CESC,306,CT45A1,CT45A1,3,0.98,2,0.65,0,0.0,0,0.0
CESC,306,FTHL17,FTHL17,3,0.98,0,0.0,0,0.0,0,0.0
CESC,306,MAGEA10,MAGEA10,3,0.98,2,0.65,0,0.0,0,0.0
CESC,306,PAGE2,PAGE2,3,0.98,3,0.98,3,0.98,1,0.33
CESC,306,XAGE1,XAGE1,3,0.98,3,0.98,3,0.98,1,0.33
CESC,306,DPEP3,DPEP3,2,0.65,1,0.33,0,0.0,0,0.0
CESC,306,HORMAD1,HORMAD1,2,0.65,0,0.0,0,0.0,0,0.0
CESC,306,MAGEC2,MAGEC2,2,0.65,1,0.33,1,0.33,0,0.0
CESC,306,SPANXB1,SPANXB1,2,0.65,1,0.33,1,0.33,1,0.33
CESC,306,TRIML2,TRIML2,2,0.65,0,0.0,0,0.0,0,0.0
CESC,306,XAGE2,XAGE2,2,0.65,1,0.33,1,0.33,0,0.0
CESC,306,C20orf141,C20orf141,1,0.33,1,0.33,0,0.0,0,0.0
CESC,306,CGB8,CGB8,1,0.33,1,0.33,1,0.33,0,0.0
CESC,306,FATE1,FATE1,1,0.33,0,0.0,0,0.0,0,0.0
CESC,306,FBXO39,FBXO39,1,0.33,0,0.0,0,0.0,0,0.0
CESC,306,MAGEA8,MAGEA8,1,0.33,1,0.33,0,0.0,0,0.0
CESC,306,MAGEB2,MAGEB2,1,0.33,0,0.0,0,0.0,0,0.0
CESC,306,PAGE1,PAGE1,1,0.33,0,0.0,0,0.0,0,0.0
CESC,306,PAGE5,PAGE5,1,0.33,0,0.0,0,0.0,0,0.0
CESC,306,PLAC1,PLAC1,1,0.33,0,0.0,0,0.0,0,0.0
CESC,306,SSX1,SSX1,1,0.33,1,0.33,0,0.0,0,0.0
CESC,306,SSX2,SSX2,1,0.33,1,0.33,0,0.0,0,0.0
CESC,306,TEX101,TEX101,1,0.33,0,0.0,0,0.0,0,0.0
CESC,306,TSKS,TSKS,1,0.33,0,0.0,0,0.0,0,0.0
CESC,306,VCX,VCX,1,0.33,0,0.0,0,0.0,0,0.0
CESC,306,XAGE3,XAGE3,1,0.33,1,0.33,0,0.0,0,0.0
CHOL,36,PRAME,PRAME,5,13.89,2,5.56,2,5.56,0,0.0
CHOL,36,C1orf94,C1orf94,1,2.78,0,0.0,0,0.0,0,0.0
CHOL,36,CGB8,CGB8,1,2.78,0,0.0,0,0.0,0,0.0
CHOL,36,MAGEA12,MAGEA12,1,2.78,0,0.0,0,0.0,0,0.0
CHOL,36,MAGEA2,MAGEA2,1,2.78,0,0.0,0,0.0,0,0.0
CHOL,36,MAGEA3,MAGEA3,1,2.78,1,2.78,0,0.0,0,0.0
CHOL,36,PAGE5,PAGE5,1,2.78,0,0.0,0,0.0,0,0.0
CHOL,36,PSG1,PSG1,1,2.78,1,2.78,0,0.0,0,0.0
CHOL,36,SPANXA1,SPANXA1,1,2.78,1,2.78,1,2.78,0,0.0
CHOL,36,SSX1,SSX1,1,2.78,0,0.0,0,0.0,0,0.0
CHOL,36,XAGE2,XAGE2,1,2.78,1,2.78,1,2.78,1,2.78
CHOL,36,YBX2,YBX2,1,2.78,0,0.0,0,0.0,0,0.0
COAD,290,YBX2,YBX2,26,8.97,3,1.03,0,0.0,0,0.0
COAD,290,MAGEA3,MAGEA3,25,8.62,16,5.52,12,4.14,1,0.34
COAD,290,ACTL8,ACTL8,7,2.41,4,1.38,2,0.69,0,0.0
COAD,290,MAGEA12,MAGEA12,6,2.07,1,0.34,0,0.0,0,0.0
COAD,290,DAZ1,DAZ1,5,1.72,4,1.38,3,1.03,1,0.34
COAD,290,MAGEA9,MAGEA9,5,1.72,2,0.69,0,0.0,0,0.0
COAD,290,PIWIL1,PIWIL1,4,1.38,0,0.0,0,0.0,0,0.0
COAD,290,MAGEA1,MAGEA1,3,1.03,1,0.34,0,0.0,0,0.0
COAD,290,MAGEA2,MAGEA2,3,1.03,0,0.0,0,0.0,0,0.0
COAD,290,XAGE1,XAGE1,3,1.03,3,1.03,1,0.34,1,0.34
COAD,290,DAZ3,DAZ3,2,0.69,2,0.69,0,0.0,0,0.0
COAD,290,GAGE1,GAGE1,2,0.69,1,0.34,1,0.34,0,0.0
COAD,290,LRRC36,LRRC36,2,0.69,1,0.34,0,0.0,0,0.0
COAD,290,COX7B2,COX7B2,1,0.34,0,0.0,0,0.0,0,0.0
COAD,290,CT45A1,CT45A1,1,0.34,0,0.0,0,0.0,0,0.0
COAD,290,CT83,CT83,1,0.34,0,0.0,0,0.0,0,0.0
COAD,290,CXorf49,CXorf49,1,0.34,1,0.34,1,0.34,1,0.34
COAD,290,MAGEA10,MAGEA10,1,0.34,0,0.0,0,0.0,0,0.0
COAD,290,MAGEA4,MAGEA4,1,0.34,0,0.0,0,0.0,0,0.0
COAD,290,MAGEB2,MAGEB2,1,0.34,1,0.34,1,0.34,0,0.0
COAD,290,NY-ESO-1,NY-ESO-1,1,0.34,1,0.34,0,0.0,0,0.0
COAD,290,PAGE1,PAGE1,1,0.34,1,0.34,0,0.0,0,0.0
COAD,290,PAGE2,PAGE2,1,0.34,0,0.0,0,0.0,0,0.0
COAD,290,PRAME,PRAME,1,0.34,1,0.34,0,0.0,0,0.0
COAD,290,TKTL1,TKTL1,1,0.34,0,0.0,0,0.0,0,0.0
COAD,290,TSPY1,TSPY1,1,0.34,0,0.0,0,0.0,0,0.0
COAD,290,VCY,VCY,1,0.34,1,0.34,1,0.34,0,0.0
COAD,290,XAGE2,XAGE2,1,0.34,1,0.34,0,0.0,0,0.0
DLBC,47,MAGEA9,MAGEA9,15,31.91,10,21.28,3,6.38,0,0.0
DLBC,47,PRAME,PRAME,7,14.89,4,8.51,1,2.13,0,0.0
DLBC,47,MAGEB2,MAGEB2,5,10.64,0,0.0,0,0.0,0,0.0
DLBC,47,CT45A1,CT45A1,3,6.38,2,4.26,0,0.0,0,0.0
DLBC,47,MAGEA4,MAGEA4,2,4.26,1,2.13,1,2.13,1,2.13
DLBC,47,PAGE2,PAGE2,2,4.26,2,4.26,1,2.13,0,0.0
DLBC,47,MAGEA1,MAGEA1,1,2.13,0,0.0,0,0.0,0,0.0
DLBC,47,MAGEB1,MAGEB1,1,2.13,0,0.0,0,0.0,0,0.0
DLBC,47,MAGEC1,MAGEC1,1,2.13,0,0.0,0,0.0,0,0.0
DLBC,47,NY-ESO-1,NY-ESO-1,1,2.13,1,2.13,0,0.0,0,0.0
DLBC,47,TKTL1,TKTL1,1,2.13,1,2.13,0,0.0,0,0.0
ESCA,182,MAGEA3,MAGEA3,66,36.26,48,26.37,33,18.13,4,2.2
ESCA,182,MAGEA4,MAGEA4,34,18.68,20,10.99,16,8.79,9,4.95
ESCA,182,PRAME,PRAME,29,15.93,12,6.59,6,3.3,0,0.0
ESCA,182,MAGEA12,MAGEA12,22,12.09,1,0.55,0,0.0,0,0.0
ESCA,182,ACTL8,ACTL8,20,10.99,12,6.59,3,1.65,0,0.0
ESCA,182,CT83,CT83,18,9.89,2,1.1,0,0.0,0,0.0
ESCA,182,MAGEA9,MAGEA9,18,9.89,6,3.3,0,0.0,0,0.0
ESCA,182,MAGEA2,MAGEA2,17,9.34,1,0.55,0,0.0,0,0.0
ESCA,182,YBX2,YBX2,15,8.24,3,1.65,0,0.0,0,0.0
ESCA,182,GAGE1,GAGE1,13,7.14,10,5.49,5,2.75,4,2.2
ESCA,182,MAGEA1,MAGEA1,13,7.14,3,1.65,0,0.0,0,0.0
ESCA,182,CT45A1,CT45A1,12,6.59,4,2.2,0,0.0,0,0.0
ESCA,182,DAZ1,DAZ1,12,6.59,8,4.4,6,3.3,4,2.2
ESCA,182,MAGEB2,MAGEB2,10,5.49,5,2.75,1,0.55,0,0.0
ESCA,182,MAGEC2,MAGEC2,9,4.95,3,1.65,0,0.0,0,0.0
ESCA,182,COX7B2,COX7B2,8,4.4,2,1.1,0,0.0,0,0.0
ESCA,182,XAGE1,XAGE1,7,3.85,5,2.75,3,1.65,2,1.1
ESCA,182,CTCFL,CTCFL,6,3.3,3,1.65,1,0.55,0,0.0
ESCA,182,MAGEA10,MAGEA10,6,3.3,1,0.55,0,0.0,0,0.0
ESCA,182,MAGEC1,MAGEC1,6,3.3,3,1.65,0,0.0,0,0.0
ESCA,182,TKTL1,TKTL1,6,3.3,4,2.2,1,0.55,0,0.0
ESCA,182,CXorf49,CXorf49,5,2.75,2,1.1,2,1.1,0,0.0
ESCA,182,EGFL6,EGFL6,5,2.75,1,0.55,0,0.0,0,0.0
ESCA,182,NY-ESO-1,NY-ESO-1,5,2.75,3,1.65,3,1.65,1,0.55
ESCA,182,PAGE2,PAGE2,5,2.75,3,1.65,3,1.65,3,1.65
ESCA,182,SPANXA1,SPANXA1,5,2.75,4,2.2,4,2.2,3,1.65
ESCA,182,SSX2,SSX2,5,2.75,3,1.65,0,0.0,0,0.0
ESCA,182,TSPY1,TSPY1,5,2.75,2,1.1,2,1.1,1,0.55
ESCA,182,VCX,VCX,5,2.75,5,2.75,3,1.65,3,1.65
ESCA,182,DAZ3,DAZ3,4,2.2,0,0.0,0,0.0,0,0.0
ESCA,182,FMR1NB,FMR1NB,3,1.65,0,0.0,0,0.0,0,0.0
ESCA,182,PAGE5,PAGE5,3,1.65,3,1.65,3,1.65,2,1.1
ESCA,182,SPANXB1,SPANXB1,3,1.65,3,1.65,2,1.1,1,0.55
ESCA,182,SSX1,SSX1,3,1.65,2,1.1,1,0.55,0,0.0
ESCA,182,CGB8,CGB8,2,1.1,0,0.0,0,0.0,0,0.0
ESCA,182,DCAF4L2,DCAF4L2,2,1.1,0,0.0,0,0.0,0,0.0
ESCA,182,DPEP3,DPEP3,2,1.1,2,1.1,1,0.55,0,0.0
ESCA,182,HORMAD1,HORMAD1,2,1.1,1,0.55,0,0.0,0,0.0
ESCA,182,PSG5,PSG5,2,1.1,0,0.0,0,0.0,0,0.0
ESCA,182,SAGE1,SAGE1,2,1.1,0,0.0,0,0.0,0,0.0
ESCA,182,SSX4,SSX4,2,1.1,1,0.55,0,0.0,0,0.0
ESCA,182,TUBA3C,TUBA3C,2,1.1,2,1.1,1,0.55,0,0.0
ESCA,182,VCX3B,VCX3B,2,1.1,1,0.55,0,0.0,0,0.0
ESCA,182,CSH2,CSH2,1,0.55,0,0.0,0,0.0,0,0.0
ESCA,182,CT55,CT55,1,0.55,1,0.55,0,0.0,0,0.0
ESCA,182,MAGEA8,MAGEA8,1,0.55,1,0.55,0,0.0,0,0.0
ESCA,182,NAA11,NAA11,1,0.55,0,0.0,0,0.0,0,0.0
ESCA,182,PIWIL1,PIWIL1,1,0.55,0,0.0,0,0.0,0,0.0
ESCA,182,RBMY1A1,RBMY1A1,1,0.55,0,0.0,0,0.0,0,0.0
ESCA,182,SSX5,SSX5,1,0.55,0,0.0,0,0.0,0,0.0
ESCA,182,TSPYL6,TSPYL6,1,0.55,0,0.0,0,0.0,0,0.0
EWS,101,XAGE1,XAGE1,42,41.58,39,38.61,35,34.65,34,33.66
EWS,101,SYCP1,SYCP1,23,22.77,14,13.86,7,6.93,5,4.95
EWS,101,PRAME,PRAME,22,21.78,14,13.86,10,9.9,6,5.94
EWS,101,MEIOB,MEIOB,5,4.95,0,0.0,0,0.0,0,0.0
EWS,101,XAGE2,XAGE2,5,4.95,1,0.99,0,0.0,0,0.0
EWS,101,CTCFL,CTCFL,4,3.96,3,2.97,3,2.97,0,0.0
EWS,101,ACTL8,ACTL8,2,1.98,0,0.0,0,0.0,0,0.0
EWS,101,DAZ1,DAZ1,2,1.98,1,0.99,0,0.0,0,0.0
EWS,101,MAGEA9,MAGEA9,2,1.98,1,0.99,0,0.0,0,0.0
EWS,101,PAGE5,PAGE5,2,1.98,1,0.99,1,0.99,1,0.99
EWS,101,CATSPERD,CATSPERD,1,0.99,0,0.0,0,0.0,0,0.0
EWS,101,EGFL6,EGFL6,1,0.99,0,0.0,0,0.0,0,0.0
EWS,101,HORMAD1,HORMAD1,1,0.99,0,0.0,0,0.0,0,0.0
EWS,101,MAGEA3,MAGEA3,1,0.99,1,0.99,0,0.0,0,0.0
EWS,101,MAGEA4,MAGEA4,1,0.99,0,0.0,0,0.0,0,0.0
EWS,101,MAGEB2,MAGEB2,1,0.99,0,0.0,0,0.0,0,0.0
EWS,101,PHF7,PHF7,1,0.99,0,0.0,0,0.0,0,0.0
EWS,101,TRIML2,TRIML2,1,0.99,0,0.0,0,0.0,0,0.0
GBM,166,DAZ1,DAZ1,5,3.01,2,1.2,1,0.6,0,0.0
GBM,166,PRAME,PRAME,5,3.01,4,2.41,2,1.2,1,0.6
GBM,166,TKTL1,TKTL1,3,1.81,1,0.6,0,0.0,0,0.0
GBM,166,DKKL1,DKKL1,1,0.6,0,0.0,0,0.0,0,0.0
GBM,166,GAGE1,GAGE1,1,0.6,1,0.6,0,0.0,0,0.0
GBM,166,MAGEA9,MAGEA9,1,0.6,1,0.6,0,0.0,0,0.0
GBM,166,MAGEC2,MAGEC2,1,0.6,1,0.6,0,0.0,0,0.0
GBM,166,SPANXA1,SPANXA1,1,0.6,1,0.6,0,0.0,0,0.0
GBM,166,SPANXB1,SPANXB1,1,0.6,1,0.6,0,0.0,0,0.0
GBM,166,SPATA22,SPATA22,1,0.6,0,0.0,0,0.0,0,0.0
GBM,166,XAGE1,XAGE1,1,0.6,1,0.6,0,0.0,0,0.0
HEPB,20,PRAME,PRAME,2,10.0,0,0.0,0,0.0,0,0.0
HEPB,20,EGFL6,EGFL6,1,5.0,0,0.0,0,0.0,0,0.0
HEPB,20,MAGEA3,MAGEA3,1,5.0,0,0.0,0,0.0,0,0.0
HNSC,520,MAGEA3,MAGEA3,186,35.77,157,30.19,104,20.0,27,5.19
HNSC,520,MAGEA4,MAGEA4,140,26.92,99,19.04,69,13.27,37,7.12
HNSC,520,PRAME,PRAME,77,14.81,24,4.62,2,0.38,0,0.0
HNSC,520,MAGEA9,MAGEA9,70,13.46,44,8.46,7,1.35,0,0.0
HNSC,520,GAGE1,GAGE1,44,8.46,38,7.31,27,5.19,20,3.85
HNSC,520,MAGEA1,MAGEA1,41,7.88,16,3.08,2,0.38,0,0.0
HNSC,520,CT45A1,CT45A1,38,7.31,15,2.88,3,0.58,0,0.0
HNSC,520,MAGEA12,MAGEA12,38,7.31,8,1.54,1,0.19,0,0.0
HNSC,520,CXorf49,CXorf49,28,5.38,11,2.12,3,0.58,0,0.0
HNSC,520,MAGEB2,MAGEB2,28,5.38,12,2.31,3,0.58,0,0.0
HNSC,520,MAGEA2,MAGEA2,24,4.62,5,0.96,0,0.0,0,0.0
HNSC,520,PAGE2,PAGE2,23,4.42,18,3.46,14,2.69,10,1.92
HNSC,520,SPANXA1,SPANXA1,21,4.04,14,2.69,6,1.15,2,0.38
HNSC,520,MAGEA10,MAGEA10,20,3.85,2,0.38,0,0.0,0,0.0
HNSC,520,NY-ESO-1,NY-ESO-1,17,3.27,12,2.31,7,1.35,3,0.58
HNSC,520,EGFL6,EGFL6,16,3.08,3,0.58,0,0.0,0,0.0
HNSC,520,XAGE1,XAGE1,16,3.08,15,2.88,12,2.31,8,1.54
HNSC,520,YBX2,YBX2,15,2.88,1,0.19,0,0.0,0,0.0
HNSC,520,MAGEC2,MAGEC2,13,2.5,9,1.73,3,0.58,0,0.0
HNSC,520,SPANXB1,SPANXB1,13,2.5,7,1.35,4,0.77,2,0.38
HNSC,520,CGB8,CGB8,10,1.92,4,0.77,0,0.0,0,0.0
HNSC,520,ACTL8,ACTL8,9,1.73,3,0.58,2,0.38,0,0.0
HNSC,520,COX7B2,COX7B2,9,1.73,5,0.96,0,0.0,0,0.0
HNSC,520,TRIML2,TRIML2,9,1.73,2,0.38,0,0.0,0,0.0
HNSC,520,FTHL17,FTHL17,7,1.35,0,0.0,0,0.0,0,0.0
HNSC,520,TKTL1,TKTL1,7,1.35,7,1.35,6,1.15,4,0.77
HNSC,520,PLAC1,PLAC1,6,1.15,0,0.0,0,0.0,0,0.0
HNSC,520,CT83,CT83,5,0.96,0,0.0,0,0.0,0,0.0
HNSC,520,CTCFL,CTCFL,5,0.96,0,0.0,0,0.0,0,0.0
HNSC,520,TSPY1,TSPY1,5,0.96,4,0.77,4,0.77,4,0.77
HNSC,520,MAGEC1,MAGEC1,4,0.77,1,0.19,0,0.0,0,0.0
HNSC,520,PSG5,PSG5,3,0.58,2,0.38,0,0.0,0,0.0
HNSC,520,VCX,VCX,3,0.58,1,0.19,0,0.0,0,0.0
HNSC,520,XAGE3,XAGE3,3,0.58,1,0.19,1,0.19,0,0.0
HNSC,520,BRDT,BRDT,2,0.38,0,0.0,0,0.0,0,0.0
HNSC,520,DAZ1,DAZ1,2,0.38,1,0.19,1,0.19,0,0.0
HNSC,520,DCAF4L2,DCAF4L2,2,0.38,0,0.0,0,0.0,0,0.0
HNSC,520,HORMAD1,HORMAD1,2,0.38,1,0.19,0,0.0,0,0.0
HNSC,520,MEIOB,MEIOB,2,0.38,0,0.0,0,0.0,0,0.0
HNSC,520,PAGE1,PAGE1,2,0.38,2,0.38,1,0.19,1,0.19
HNSC,520,PAGE5,PAGE5,2,0.38,2,0.38,1,0.19,0,0.0
HNSC,520,TSKS,TSKS,2,0.38,0,0.0,0,0.0,0,0.0
HNSC,520,XAGE2,XAGE2,2,0.38,1,0.19,0,0.0,0,0.0
HNSC,520,MAGEA8,MAGEA8,1,0.19,0,0.0,0,0.0,0,0.0
HNSC,520,MAGEB1,MAGEB1,1,0.19,0,0.0,0,0.0,0,0.0
HNSC,520,NAA11,NAA11,1,0.19,0,0.0,0,0.0,0,0.0
HNSC,520,RBMY1A1,RBMY1A1,1,0.19,0,0.0,0,0.0,0,0.0
HNSC,520,SSX1,SSX1,1,0.19,0,0.0,0,0.0,0,0.0
HNSC,520,SSX4,SSX4,1,0.19,0,0.0,0,0.0,0,0.0
HNSC,520,VCY,VCY,1,0.19,1,0.19,1,0.19,0,0.0
HNSC,520,XAGE5,XAGE5,1,0.19,0,0.0,0,0.0,0,0.0
HNSC_HPV_neg,415,MAGEA3,MAGEA3,170,40.96,143,34.46,97,23.37,25,6.02
HNSC_HPV_neg,415,MAGEA4,MAGEA4,129,31.08,90,21.69,63,15.18,34,8.19
HNSC_HPV_neg,415,MAGEA9,MAGEA9,64,15.42,42,10.12,7,1.69,0,0.0
HNSC_HPV_neg,415,PRAME,PRAME,63,15.18,17,4.1,1,0.24,0,0.0
HNSC_HPV_neg,415,MAGEA12,MAGEA12,36,8.67,7,1.69,1,0.24,0,0.0
HNSC_HPV_neg,415,GAGE1,GAGE1,34,8.19,28,6.75,19,4.58,15,3.61
HNSC_HPV_neg,415,MAGEA1,MAGEA1,34,8.19,12,2.89,0,0.0,0,0.0
HNSC_HPV_neg,415,CT45A1,CT45A1,30,7.23,8,1.93,0,0.0,0,0.0
HNSC_HPV_neg,415,MAGEB2,MAGEB2,27,6.51,11,2.65,3,0.72,0,0.0
HNSC_HPV_neg,415,CXorf49,CXorf49,26,6.27,11,2.65,3,0.72,0,0.0
HNSC_HPV_neg,415,MAGEA2,MAGEA2,22,5.3,4,0.96,0,0.0,0,0.0
HNSC_HPV_neg,415,PAGE2,PAGE2,21,5.06,17,4.1,13,3.13,10,2.41
HNSC_HPV_neg,415,SPANXA1,SPANXA1,20,4.82,13,3.13,6,1.45,2,0.48
HNSC_HPV_neg,415,MAGEA10,MAGEA10,18,4.34,2,0.48,0,0.0,0,0.0
HNSC_HPV_neg,415,NY-ESO-1,NY-ESO-1,15,3.61,10,2.41,6,1.45,2,0.48
HNSC_HPV_neg,415,EGFL6,EGFL6,14,3.37,2,0.48,0,0.0,0,0.0
HNSC_HPV_neg,415,XAGE1,XAGE1,14,3.37,13,3.13,11,2.65,7,1.69
HNSC_HPV_neg,415,MAGEC2,MAGEC2,13,3.13,9,2.17,3,0.72,0,0.0
HNSC_HPV_neg,415,SPANXB1,SPANXB1,13,3.13,7,1.69,4,0.96,2,0.48
HNSC_HPV_neg,415,CGB8,CGB8,9,2.17,4,0.96,0,0.0,0,0.0
HNSC_HPV_neg,415,TRIML2,TRIML2,9,2.17,2,0.48,0,0.0,0,0.0
HNSC_HPV_neg,415,COX7B2,COX7B2,8,1.93,5,1.2,0,0.0,0,0.0
HNSC_HPV_neg,415,FTHL17,FTHL17,6,1.45,0,0.0,0,0.0,0,0.0
HNSC_HPV_neg,415,TKTL1,TKTL1,6,1.45,6,1.45,5,1.2,3,0.72
HNSC_HPV_neg,415,ACTL8,ACTL8,5,1.2,2,0.48,1,0.24,0,0.0
HNSC_HPV_neg,415,TSPY1,TSPY1,5,1.2,4,0.96,4,0.96,4,0.96
HNSC_HPV_neg,415,MAGEC1,MAGEC1,4,0.96,1,0.24,0,0.0,0,0.0
HNSC_HPV_neg,415,PLAC1,PLAC1,4,0.96,0,0.0,0,0.0,0,0.0
HNSC_HPV_neg,415,CTCFL,CTCFL,3,0.72,0,0.0,0,0.0,0,0.0
HNSC_HPV_neg,415,PSG5,PSG5,3,0.72,2,0.48,0,0.0,0,0.0
HNSC_HPV_neg,415,VCX,VCX,3,0.72,1,0.24,0,0.0,0,0.0
HNSC_HPV_neg,415,XAGE3,XAGE3,3,0.72,1,0.24,1,0.24,0,0.0
HNSC_HPV_neg,415,BRDT,BRDT,2,0.48,0,0.0,0,0.0,0,0.0
HNSC_HPV_neg,415,CT83,CT83,2,0.48,0,0.0,0,0.0,0,0.0
HNSC_HPV_neg,415,HORMAD1,HORMAD1,2,0.48,1,0.24,0,0.0,0,0.0
HNSC_HPV_neg,415,PAGE5,PAGE5,2,0.48,2,0.48,1,0.24,0,0.0
HNSC_HPV_neg,415,TSKS,TSKS,2,0.48,0,0.0,0,0.0,0,0.0
HNSC_HPV_neg,415,XAGE2,XAGE2,2,0.48,1,0.24,0,0.0,0,0.0
HNSC_HPV_neg,415,DAZ1,DAZ1,1,0.24,1,0.24,1,0.24,0,0.0
HNSC_HPV_neg,415,DCAF4L2,DCAF4L2,1,0.24,0,0.0,0,0.0,0,0.0
HNSC_HPV_neg,415,MAGEA8,MAGEA8,1,0.24,0,0.0,0,0.0,0,0.0
HNSC_HPV_neg,415,MAGEB1,MAGEB1,1,0.24,0,0.0,0,0.0,0,0.0
HNSC_HPV_neg,415,MEIOB,MEIOB,1,0.24,0,0.0,0,0.0,0,0.0
HNSC_HPV_neg,415,NAA11,NAA11,1,0.24,0,0.0,0,0.0,0,0.0
HNSC_HPV_neg,415,PAGE1,PAGE1,1,0.24,1,0.24,0,0.0,0,0.0
HNSC_HPV_neg,415,RBMY1A1,RBMY1A1,1,0.24,0,0.0,0,0.0,0,0.0
HNSC_HPV_neg,415,SSX1,SSX1,1,0.24,0,0.0,0,0.0,0,0.0
HNSC_HPV_neg,415,VCY,VCY,1,0.24,1,0.24,1,0.24,0,0.0
HNSC_HPV_neg,415,XAGE5,XAGE5,1,0.24,0,0.0,0,0.0,0,0.0
HNSC_HPV_neg,415,YBX2,YBX2,1,0.24,0,0.0,0,0.0,0,0.0
HNSC_HPV_pos,72,YBX2,YBX2,13,18.06,1,1.39,0,0.0,0,0.0
HNSC_HPV_pos,72,PRAME,PRAME,8,11.11,6,8.33,1,1.39,0,0.0
HNSC_HPV_pos,72,GAGE1,GAGE1,6,8.33,6,8.33,4,5.56,4,5.56
HNSC_HPV_pos,72,MAGEA3,MAGEA3,6,8.33,4,5.56,1,1.39,0,0.0
HNSC_HPV_pos,72,CT45A1,CT45A1,5,6.94,5,6.94,3,4.17,0,0.0
HNSC_HPV_pos,72,MAGEA4,MAGEA4,4,5.56,4,5.56,3,4.17,1,1.39
HNSC_HPV_pos,72,MAGEA9,MAGEA9,4,5.56,1,1.39,0,0.0,0,0.0
HNSC_HPV_pos,72,ACTL8,ACTL8,3,4.17,0,0.0,0,0.0,0,0.0
HNSC_HPV_pos,72,MAGEA1,MAGEA1,3,4.17,1,1.39,1,1.39,0,0.0
HNSC_HPV_pos,72,CTCFL,CTCFL,2,2.78,0,0.0,0,0.0,0,0.0
HNSC_HPV_pos,72,CXorf49,CXorf49,2,2.78,0,0.0,0,0.0,0,0.0
HNSC_HPV_pos,72,NY-ESO-1,NY-ESO-1,2,2.78,2,2.78,1,1.39,1,1.39
HNSC_HPV_pos,72,COX7B2,COX7B2,1,1.39,0,0.0,0,0.0,0,0.0
HNSC_HPV_pos,72,CT83,CT83,1,1.39,0,0.0,0,0.0,0,0.0
HNSC_HPV_pos,72,DAZ1,DAZ1,1,1.39,0,0.0,0,0.0,0,0.0
HNSC_HPV_pos,72,DCAF4L2,DCAF4L2,1,1.39,0,0.0,0,0.0,0,0.0
HNSC_HPV_pos,72,EGFL6,EGFL6,1,1.39,0,0.0,0,0.0,0,0.0
HNSC_HPV_pos,72,FTHL17,FTHL17,1,1.39,0,0.0,0,0.0,0,0.0
HNSC_HPV_pos,72,MAGEA10,MAGEA10,1,1.39,0,0.0,0,0.0,0,0.0
HNSC_HPV_pos,72,MAGEB2,MAGEB2,1,1.39,1,1.39,0,0.0,0,0.0
HNSC_HPV_pos,72,MEIOB,MEIOB,1,1.39,0,0.0,0,0.0,0,0.0
HNSC_HPV_pos,72,PLAC1,PLAC1,1,1.39,0,0.0,0,0.0,0,0.0
HNSC_HPV_pos,72,SPANXA1,SPANXA1,1,1.39,1,1.39,0,0.0,0,0.0
HNSC_HPV_pos,72,SSX4,SSX4,1,1.39,0,0.0,0,0.0,0,0.0
HNSC_HPV_pos,72,XAGE1,XAGE1,1,1.39,1,1.39,1,1.39,1,1.39
KICH,66,PSG5,PSG5,15,22.73,4,6.06,0,0.0,0,0.0
KICH,66,PSG9,PSG9,6,9.09,2,3.03,0,0.0,0,0.0
KICH,66,YBX2,YBX2,4,6.06,1,1.52,0,0.0,0,0.0
KICH,66,ADAM2,ADAM2,1,1.52,1,1.52,0,0.0,0,0.0
KICH,66,GAGE1,GAGE1,1,1.52,1,1.52,1,1.52,1,1.52
KICH,66,MAGEA3,MAGEA3,1,1.52,0,0.0,0,0.0,0,0.0
KICH,66,PAGE1,PAGE1,1,1.52,1,1.52,0,0.0,0,0.0
KICH,66,PAGE2,PAGE2,1,1.52,1,1.52,1,1.52,1,1.52
KICH,66,PAGE5,PAGE5,1,1.52,1,1.52,1,1.52,1,1.52
KICH,66,TUBA3C,TUBA3C,1,1.52,1,1.52,0,0.0,0,0.0
KICH,66,VCX,VCX,1,1.52,1,1.52,1,1.52,1,1.52
KICH,66,VCX3B,VCX3B,1,1.52,1,1.52,1,1.52,0,0.0
KICH,66,XAGE1,XAGE1,1,1.52,1,1.52,1,1.52,1,1.52
KIRC,531,PRAME,PRAME,46,8.66,11,2.07,1,0.19,1,0.19
KIRC,531,XAGE1,XAGE1,6,1.13,5,0.94,5,0.94,3,0.56
KIRC,531,MAGEA3,MAGEA3,5,0.94,2,0.38,0,0.0,0,0.0
KIRC,531,EGFL6,EGFL6,4,0.75,3,0.56,1,0.19,0,0.0
KIRC,531,MAGEC2,MAGEC2,4,0.75,2,0.38,1,0.19,0,0.0
KIRC,531,PAGE2,PAGE2,4,0.75,2,0.38,2,0.38,2,0.38
KIRC,531,GAGE1,GAGE1,3,0.56,3,0.56,2,0.38,1,0.19
KIRC,531,PAGE5,PAGE5,3,0.56,3,0.56,3,0.56,3,0.56
KIRC,531,PSG5,PSG5,3,0.56,1,0.19,0,0.0,0,0.0
KIRC,531,MAGEB2,MAGEB2,2,0.38,1,0.19,0,0.0,0,0.0
KIRC,531,SPANXB1,SPANXB1,2,0.38,2,0.38,1,0.19,0,0.0
KIRC,531,SSX1,SSX1,2,0.38,2,0.38,2,0.38,1,0.19
KIRC,531,VCY,VCY,2,0.38,2,0.38,1,0.19,1,0.19
KIRC,531,CT45A1,CT45A1,1,0.19,0,0.0,0,0.0,0,0.0
KIRC,531,CTAGE6,CTAGE6,1,0.19,0,0.0,0,0.0,0,0.0
KIRC,531,FMR1NB,FMR1NB,1,0.19,0,0.0,0,0.0,0,0.0
KIRC,531,MAGEA10,MAGEA10,1,0.19,1,0.19,0,0.0,0,0.0
KIRC,531,MAGEA4,MAGEA4,1,0.19,0,0.0,0,0.0,0,0.0
KIRC,531,MAGEB1,MAGEB1,1,0.19,0,0.0,0,0.0,0,0.0
KIRC,531,NY-ESO-1,NY-ESO-1,1,0.19,1,0.19,1,0.19,0,0.0
KIRC,531,PAGE1,PAGE1,1,0.19,1,0.19,1,0.19,0,0.0
KIRC,531,PASD1,PASD1,1,0.19,1,0.19,1,0.19,0,0.0
KIRC,531,PSG9,PSG9,1,0.19,1,0.19,0,0.0,0,0.0
KIRC,531,SSX2,SSX2,1,0.19,1,0.19,1,0.19,1,0.19
KIRC,531,TRIML2,TRIML2,1,0.19,0,0.0,0,0.0,0,0.0
KIRC,531,TSPY1,TSPY1,1,0.19,0,0.0,0,0.0,0,0.0
KIRC,531,TUBA3C,TUBA3C,1,0.19,1,0.19,0,0.0,0,0.0
KIRP,289,PRAME,PRAME,22,7.61,2,0.69,2,0.69,0,0.0
KIRP,289,GAGE1,GAGE1,6,2.08,6,2.08,6,2.08,5,1.73
KIRP,289,MAGEA3,MAGEA3,5,1.73,4,1.38,1,0.35,0,0.0
KIRP,289,PAGE1,PAGE1,5,1.73,4,1.38,3,1.04,2,0.69
KIRP,289,YBX2,YBX2,5,1.73,0,0.0,0,0.0,0,0.0
KIRP,289,PAGE2,PAGE2,3,1.04,3,1.04,3,1.04,3,1.04
KIRP,289,PAGE5,PAGE5,3,1.04,3,1.04,2,0.69,0,0.0
KIRP,289,MAGEA10,MAGEA10,2,0.69,0,0.0,0,0.0,0,0.0
KIRP,289,MAGEC2,MAGEC2,2,0.69,1,0.35,1,0.35,0,0.0
KIRP,289,NY-ESO-1,NY-ESO-1,2,0.69,1,0.35,1,0.35,0,0.0
KIRP,289,XAGE1,XAGE1,2,0.69,2,0.69,1,0.35,1,0.35
KIRP,289,CT47B1,CT47B1,1,0.35,1,0.35,1,0.35,0,0.0
KIRP,289,CT83,CT83,1,0.35,0,0.0,0,0.0,0,0.0
KIRP,289,EGFL6,EGFL6,1,0.35,0,0.0,0,0.0,0,0.0
KIRP,289,LRRC36,LRRC36,1,0.35,0,0.0,0,0.0,0,0.0
KIRP,289,MAGEA12,MAGEA12,1,0.35,0,0.0,0,0.0,0,0.0
KIRP,289,MAGEA9,MAGEA9,1,0.35,0,0.0,0,0.0,0,0.0
KIRP,289,PSG1,PSG1,1,0.35,0,0.0,0,0.0,0,0.0
KIRP,289,PSG5,PSG5,1,0.35,1,0.35,0,0.0,0,0.0
KIRP,289,SPANXA1,SPANXA1,1,0.35,1,0.35,0,0.0,0,0.0
KIRP,289,SSX1,SSX1,1,0.35,0,0.0,0,0.0,0,0.0
KIRP,289,TSPY1,TSPY1,1,0.35,1,0.35,0,0.0,0,0.0
KIRP,289,TUBA3C,TUBA3C,1,0.35,0,0.0,0,0.0,0,0.0
KIRP,289,VCX,VCX,1,0.35,1,0.35,0,0.0,0,0.0
KIRP,289,VCX3B,VCX3B,1,0.35,0,0.0,0,0.0,0,0.0
LAML,173,PHF7,PHF7,38,21.97,0,0.0,0,0.0,0,0.0
LAML,173,PRAME,PRAME,28,16.18,21,12.14,7,4.05,1,0.58
LAML,173,CT45A1,CT45A1,13,7.51,5,2.89,1,0.58,0,0.0
LAML,173,XAGE1,XAGE1,9,5.2,8,4.62,6,3.47,3,1.73
LAML,173,TKTL1,TKTL1,4,2.31,3,1.73,2,1.16,1,0.58
LAML,173,DPEP3,DPEP3,3,1.73,1,0.58,1,0.58,0,0.0
LAML,173,SAGE1,SAGE1,1,0.58,0,0.0,0,0.0,0,0.0
LGG,523,TKTL1,TKTL1,6,1.15,1,0.19,1,0.19,0,0.0
LGG,523,PRAME,PRAME,3,0.57,3,0.57,2,0.38,1,0.19
LGG,523,DAZ1,DAZ1,2,0.38,1,0.19,1,0.19,0,0.0
LGG,523,RBMY1A1,RBMY1A1,2,0.38,1,0.19,0,0.0,0,0.0
LGG,523,DAZ3,DAZ3,1,0.19,1,0.19,0,0.0,0,0.0
LGG,523,MAGEA2,MAGEA2,1,0.19,0,0.0,0,0.0,0,0.0
LGG,523,MAGEA3,MAGEA3,1,0.19,1,0.19,0,0.0,0,0.0
LIHC,368,XAGE1,XAGE1,105,28.53,93,25.27,81,22.01,59,16.03
LIHC,368,COX7B2,COX7B2,90,24.46,44,11.96,8,2.17,1,0.27
LIHC,368,MAGEA3,MAGEA3,75,20.38,60,16.3,36,9.78,1,0.27
LIHC,368,SSX1,SSX1,49,13.32,24,6.52,5,1.36,0,0.0
LIHC,368,PAGE2,PAGE2,38,10.33,35,9.51,31,8.42,22,5.98
LIHC,368,GAGE1,GAGE1,37,10.05,29,7.88,22,5.98,16,4.35
LIHC,368,MAGEA1,MAGEA1,34,9.24,6,1.63,0,0.0,0,0.0
LIHC,368,PAGE5,PAGE5,34,9.24,28,7.61,19,5.16,9,2.45
LIHC,368,MAGEA12,MAGEA12,27,7.34,3,0.82,0,0.0,0,0.0
LIHC,368,MAGEC2,MAGEC2,27,7.34,14,3.8,2,0.54,0,0.0
LIHC,368,PRAME,PRAME,24,6.52,13,3.53,3,0.82,0,0.0
LIHC,368,SSX2,SSX2,21,5.71,8,2.17,1,0.27,0,0.0
LIHC,368,PAGE1,PAGE1,19,5.16,15,4.08,9,2.45,5,1.36
LIHC,368,TUBA3C,TUBA3C,16,4.35,6,1.63,2,0.54,0,0.0
LIHC,368,VCY,VCY,16,4.35,10,2.72,7,1.9,4,1.09
LIHC,368,MAGEB2,MAGEB2,15,4.08,3,0.82,1,0.27,0,0.0
LIHC,368,DCAF4L2,DCAF4L2,13,3.53,1,0.27,0,0.0,0,0.0
LIHC,368,TSPY1,TSPY1,13,3.53,9,2.45,6,1.63,3,0.82
LIHC,368,NY-ESO-1,NY-ESO-1,11,2.99,7,1.9,2,0.54,1,0.27
LIHC,368,VCX,VCX,9,2.45,3,0.82,3,0.82,1,0.27
LIHC,368,XAGE5,XAGE5,8,2.17,0,0.0,0,0.0,0,0.0
LIHC,368,SSX4,SSX4,6,1.63,4,1.09,0,0.0,0,0.0
LIHC,368,YBX2,YBX2,6,1.63,3,0.82,1,0.27,1,0.27
LIHC,368,MAGEA2,MAGEA2,5,1.36,1,0.27,0,0.0,0,0.0
LIHC,368,ACTL8,ACTL8,4,1.09,2,0.54,1,0.27,0,0.0
LIHC,368,MAGEA4,MAGEA4,4,1.09,3,0.82,1,0.27,0,0.0
LIHC,368,MAGEC1,MAGEC1,4,1.09,1,0.27,0,0.0,0,0.0
LIHC,368,MAGEA8,MAGEA8,3,0.82,1,0.27,0,0.0,0,0.0
LIHC,368,TKTL1,TKTL1,3,0.82,2,0.54,1,0.27,1,0.27
LIHC,368,MAGEA9,MAGEA9,2,0.54,1,0.27,1,0.27,0,0.0
LIHC,368,MEIOB,MEIOB,2,0.54,0,0.0,0,0.0,0,0.0
LIHC,368,VCX3B,VCX3B,2,0.54,1,0.27,0,0.0,0,0.0
LIHC,368,BRDT,BRDT,1,0.27,0,0.0,0,0.0,0,0.0
LIHC,368,CRISP2,CRISP2,1,0.27,1,0.27,0,0.0,0,0.0
LIHC,368,CXorf49,CXorf49,1,0.27,0,0.0,0,0.0,0,0.0
LIHC,368,DMRTB1,DMRTB1,1,0.27,0,0.0,0,0.0,0,0.0
LIHC,368,FTHL17,FTHL17,1,0.27,0,0.0,0,0.0,0,0.0
LIHC,368,LIN28B,LIN28B,1,0.27,0,0.0,0,0.0,0,0.0
LIHC,368,MAGEA10,MAGEA10,1,0.27,0,0.0,0,0.0,0,0.0
LIHC,368,NAA11,NAA11,1,0.27,0,0.0,0,0.0,0,0.0
LIHC,368,OOEP,OOEP,1,0.27,0,0.0,0,0.0,0,0.0
LIHC,368,XAGE2,XAGE2,1,0.27,1,0.27,1,0.27,0,0.0
LUAD,515,XAGE1,XAGE1,348,67.57,329,63.88,310,60.19,278,53.98
LUAD,515,MAGEA3,MAGEA3,93,18.06,74,14.37,50,9.71,15,2.91
LUAD,515,CT83,CT83,91,17.67,29,5.63,2,0.39,0,0.0
LUAD,515,PRAME,PRAME,77,14.95,43,8.35,17,3.3,5,0.97
LUAD,515,MAGEA12,MAGEA12,40,7.77,9,1.75,0,0.0,0,0.0
LUAD,515,MAGEA2,MAGEA2,37,7.18,6,1.17,0,0.0,0,0.0
LUAD,515,PAGE2,PAGE2,35,6.8,30,5.83,25,4.85,13,2.52
LUAD,515,NY-ESO-1,NY-ESO-1,33,6.41,28,5.44,14,2.72,4,0.78
LUAD,515,XAGE2,XAGE2,32,6.21,20,3.88,9,1.75,2,0.39
LUAD,515,GAGE1,GAGE1,29,5.63,27,5.24,21,4.08,17,3.3
LUAD,515,MAGEA4,MAGEA4,27,5.24,23,4.47,14,2.72,12,2.33
LUAD,515,MAGEA1,MAGEA1,23,4.47,11,2.14,0,0.0,0,0.0
LUAD,515,MAGEA9,MAGEA9,23,4.47,10,1.94,3,0.58,0,0.0
LUAD,515,HORMAD1,HORMAD1,16,3.11,4,0.78,0,0.0,0,0.0
LUAD,515,MAGEC2,MAGEC2,16,3.11,7,1.36,1,0.19,0,0.0
LUAD,515,BRDT,BRDT,14,2.72,4,0.78,1,0.19,0,0.0
LUAD,515,LRRC36,LRRC36,14,2.72,2,0.39,1,0.19,0,0.0
LUAD,515,MAGEA10,MAGEA10,14,2.72,8,1.55,1,0.19,1,0.19
LUAD,515,MAGEB2,MAGEB2,14,2.72,3,0.58,0,0.0,0,0.0
LUAD,515,COX7B2,COX7B2,13,2.52,4,0.78,0,0.0,0,0.0
LUAD,515,VCX,VCX,12,2.33,7,1.36,6,1.17,4,0.78
LUAD,515,PAGE5,PAGE5,11,2.14,11,2.14,8,1.55,2,0.39
LUAD,515,YBX2,YBX2,11,2.14,0,0.0,0,0.0,0,0.0
LUAD,515,CXorf49,CXorf49,10,1.94,5,0.97,1,0.19,0,0.0
LUAD,515,PAGE1,PAGE1,8,1.55,5,0.97,3,0.58,0,0.0
LUAD,515,SPANXB1,SPANXB1,8,1.55,6,1.17,4,0.78,2,0.39
LUAD,515,TUBA3C,TUBA3C,8,1.55,5,0.97,1,0.19,0,0.0
LUAD,515,MAGEA8,MAGEA8,7,1.36,4,0.78,0,0.0,0,0.0
LUAD,515,SPANXA1,SPANXA1,7,1.36,5,0.97,2,0.39,1,0.19
LUAD,515,TSPY1,TSPY1,7,1.36,4,0.78,4,0.78,1,0.19
LUAD,515,EGFL6,EGFL6,6,1.17,2,0.39,0,0.0,0,0.0
LUAD,515,FTHL17,FTHL17,6,1.17,2,0.39,1,0.19,0,0.0
LUAD,515,TKTL1,TKTL1,6,1.17,4,0.78,3,0.58,1,0.19
LUAD,515,CT45A1,CT45A1,5,0.97,3,0.58,0,0.0,0,0.0
LUAD,515,SSX1,SSX1,5,0.97,1,0.19,0,0.0,0,0.0
LUAD,515,CATSPERD,CATSPERD,4,0.78,1,0.19,0,0.0,0,0.0
LUAD,515,FMR1NB,FMR1NB,4,0.78,0,0.0,0,0.0,0,0.0
LUAD,515,MAGEC1,MAGEC1,4,0.78,1,0.19,0,0.0,0,0.0
LUAD,515,MEIOB,MEIOB,4,0.78,0,0.0,0,0.0,0,0.0
LUAD,515,SSX2,SSX2,4,0.78,0,0.0,0,0.0,0,0.0
LUAD,515,VCX3B,VCX3B,4,0.78,3,0.58,1,0.19,0,0.0
LUAD,515,CGB8,CGB8,3,0.58,1,0.19,1,0.19,1,0.19
LUAD,515,PASD1,PASD1,3,0.58,0,0.0,0,0.0,0,0.0
LUAD,515,PSG1,PSG1,3,0.58,2,0.39,2,0.39,2,0.39
LUAD,515,TEX19,TEX19,3,0.58,1,0.19,0,0.0,0,0.0
LUAD,515,VCY,VCY,3,0.58,3,0.58,1,0.19,1,0.19
LUAD,515,CTCFL,CTCFL,2,0.39,1,0.19,0,0.0,0,0.0
LUAD,515,DAZ1,DAZ1,2,0.39,2,0.39,1,0.19,0,0.0
LUAD,515,PSG5,PSG5,2,0.39,2,0.39,2,0.39,1,0.19
LUAD,515,SSX5,SSX5,2,0.39,0,0.0,0,0.0,0,0.0
LUAD,515,XAGE3,XAGE3,2,0.39,2,0.39,1,0.19,1,0.19
LUAD,515,ACTL8,ACTL8,1,0.19,1,0.19,0,0.0,0,0.0
LUAD,515,DCAF4L2,DCAF4L2,1,0.19,0,0.0,0,0.0,0,0.0
LUAD,515,DMRTC2,DMRTC2,1,0.19,0,0.0,0,0.0,0,0.0
LUAD,515,DPEP3,DPEP3,1,0.19,0,0.0,0,0.0,0,0.0
LUAD,515,DPPA5,DPPA5,1,0.19,0,0.0,0,0.0,0,0.0
LUAD,515,MAGEB16,MAGEB16,1,0.19,0,0.0,0,0.0,0,0.0
LUAD,515,PSG11,PSG11,1,0.19,1,0.19,1,0.19,1,0.19
LUAD,515,RBM46,RBM46,1,0.19,1,0.19,0,0.0,0,0.0
LUAD,515,SPACA3,SPACA3,1,0.19,0,0.0,0,0.0,0,0.0
LUAD,515,SSX4,SSX4,1,0.19,0,0.0,0,0.0,0,0.0
LUSC,498,PRAME,PRAME,257,51.61,140,28.11,54,10.84,11,2.21
LUSC,498,MAGEA4,MAGEA4,211,42.37,174,34.94,128,25.7,79,15.86
LUSC,498,MAGEA3,MAGEA3,209,41.97,171,34.34,115,23.09,25,5.02
LUSC,498,MAGEA9,MAGEA9,191,38.35,115,23.09,26,5.22,1,0.2
LUSC,498,EGFL6,EGFL6,87,17.47,14,2.81,3,0.6,1,0.2
LUSC,498,MAGEA1,MAGEA1,79,15.86,32,6.43,3,0.6,0,0.0
LUSC,498,GAGE1,GAGE1,78,15.66,58,11.65,44,8.84,33,6.63
LUSC,498,XAGE1,XAGE1,72,14.46,66,13.25,52,10.44,44,8.84
LUSC,498,MAGEA2,MAGEA2,63,12.65,6,1.2,1,0.2,0,0.0
LUSC,498,CT45A1,CT45A1,57,11.45,20,4.02,5,1.0,1,0.2
LUSC,498,MAGEA12,MAGEA12,55,11.04,11,2.21,2,0.4,0,0.0
LUSC,498,PAGE2,PAGE2,53,10.64,40,8.03,29,5.82,20,4.02
LUSC,498,NY-ESO-1,NY-ESO-1,51,10.24,39,7.83,22,4.42,7,1.41
LUSC,498,MAGEB2,MAGEB2,44,8.84,22,4.42,5,1.0,1,0.2
LUSC,498,CT83,CT83,39,7.83,6,1.2,0,0.0,0,0.0
LUSC,498,MAGEA10,MAGEA10,36,7.23,9,1.81,1,0.2,0,0.0
LUSC,498,MAGEC2,MAGEC2,23,4.62,16,3.21,7,1.41,0,0.0
LUSC,498,CTCFL,CTCFL,22,4.42,11,2.21,2,0.4,0,0.0
LUSC,498,TSPY1,TSPY1,22,4.42,15,3.01,13,2.61,5,1.0
LUSC,498,TKTL1,TKTL1,15,3.01,6,1.2,4,0.8,2,0.4
LUSC,498,COX7B2,COX7B2,13,2.61,6,1.2,3,0.6,1,0.2
LUSC,498,FTHL17,FTHL17,13,2.61,4,0.8,0,0.0,0,0.0
LUSC,498,SPANXB1,SPANXB1,12,2.41,5,1.0,4,0.8,2,0.4
LUSC,498,SPANXA1,SPANXA1,10,2.01,9,1.81,3,0.6,2,0.4
LUSC,498,BRDT,BRDT,9,1.81,1,0.2,0,0.0,0,0.0
LUSC,498,DPEP3,DPEP3,9,1.81,7,1.41,1,0.2,0,0.0
LUSC,498,MAGEC1,MAGEC1,7,1.41,1,0.2,0,0.0,0,0.0
LUSC,498,ACTL8,ACTL8,6,1.2,2,0.4,1,0.2,0,0.0
LUSC,498,PAGE5,PAGE5,6,1.2,5,1.0,4,0.8,0,0.0
LUSC,498,PLAC1,PLAC1,6,1.2,0,0.0,0,0.0,0,0.0
LUSC,498,DAZ1,DAZ1,5,1.0,3,0.6,1,0.2,1,0.2
LUSC,498,SSX2,SSX2,5,1.0,2,0.4,0,0.0,0,0.0
LUSC,498,PAGE1,PAGE1,4,0.8,2,0.4,2,0.4,1,0.2
LUSC,498,YBX2,YBX2,4,0.8,0,0.0,0,0.0,0,0.0
LUSC,498,RBMY1A1,RBMY1A1,3,0.6,0,0.0,0,0.0,0,0.0
LUSC,498,SSX1,SSX1,3,0.6,0,0.0,0,0.0,0,0.0
LUSC,498,XAGE3,XAGE3,3,0.6,1,0.2,1,0.2,0,0.0
LUSC,498,CGB8,CGB8,2,0.4,1,0.2,0,0.0,0,0.0
LUSC,498,CXorf49,CXorf49,2,0.4,0,0.0,0,0.0,0,0.0
LUSC,498,DAZ3,DAZ3,2,0.4,0,0.0,0,0.0,0,0.0
LUSC,498,HORMAD1,HORMAD1,2,0.4,1,0.2,0,0.0,0,0.0
LUSC,498,MAGEA8,MAGEA8,2,0.4,0,0.0,0,0.0,0,0.0
LUSC,498,MAGEB1,MAGEB1,2,0.4,1,0.2,0,0.0,0,0.0
LUSC,498,PSG5,PSG5,2,0.4,2,0.4,1,0.2,0,0.0
LUSC,498,VCX,VCX,2,0.4,0,0.0,0,0.0,0,0.0
LUSC,498,VCY,VCY,2,0.4,1,0.2,0,0.0,0,0.0
LUSC,498,CATSPERD,CATSPERD,1,0.2,0,0.0,0,0.0,0,0.0
LUSC,498,CT55,CT55,1,0.2,0,0.0,0,0.0,0,0.0
LUSC,498,DPPA2,DPPA2,1,0.2,0,0.0,0,0.0,0,0.0
LUSC,498,ESX1,ESX1,1,0.2,0,0.0,0,0.0,0,0.0
LUSC,498,LIN28B,LIN28B,1,0.2,0,0.0,0,0.0,0,0.0
LUSC,498,MAGEB16,MAGEB16,1,0.2,0,0.0,0,0.0,0,0.0
LUSC,498,PSG1,PSG1,1,0.2,1,0.2,1,0.2,0,0.0
LUSC,498,PSG11,PSG11,1,0.2,0,0.0,0,0.0,0,0.0
LUSC,498,SSX4,SSX4,1,0.2,0,0.0,0,0.0,0,0.0
LUSC,498,SSX5,SSX5,1,0.2,0,0.0,0,0.0,0,0.0
LUSC,498,TEX101,TEX101,1,0.2,1,0.2,1,0.2,0,0.0
LUSC,498,TFDP3,TFDP3,1,0.2,0,0.0,0,0.0,0,0.0
LUSC,498,TRIML2,TRIML2,1,0.2,0,0.0,0,0.0,0,0.0
LUSC,498,TUBA3C,TUBA3C,1,0.2,1,0.2,0,0.0,0,0.0
LUSC,498,XAGE2,XAGE2,1,0.2,1,0.2,1,0.2,1,0.2
LUSC,498,XAGE5,XAGE5,1,0.2,0,0.0,0,0.0,0,0.0
MBL,125,PRAME,PRAME,34,27.2,21,16.8,17,13.6,10,8.0
MBL,125,MAGEA3,MAGEA3,7,5.6,5,4.0,2,1.6,0,0.0
MBL,125,MAGEA12,MAGEA12,3,2.4,1,0.8,0,0.0,0,0.0
MBL,125,MAGEA2,MAGEA2,2,1.6,1,0.8,0,0.0,0,0.0
MBL,125,NY-ESO-1,NY-ESO-1,2,1.6,1,0.8,1,0.8,1,0.8
MBL,125,SYCE2,SYCE2,2,1.6,0,0.0,0,0.0,0,0.0
MBL,125,XAGE1,XAGE1,2,1.6,2,1.6,2,1.6,2,1.6
MBL,125,MAGEA10,MAGEA10,1,0.8,0,0.0,0,0.0,0,0.0
MBL,125,MAGEA4,MAGEA4,1,0.8,1,0.8,0,0.0,0,0.0
MBL,125,MAGEA9,MAGEA9,1,0.8,0,0.0,0,0.0,0,0.0
MBL,125,MAGEC2,MAGEC2,1,0.8,0,0.0,0,0.0,0,0.0
MBL,125,SSX1,SSX1,1,0.8,0,0.0,0,0.0,0,0.0
MBL,125,SSX4,SSX4,1,0.8,1,0.8,1,0.8,1,0.8
MBL,125,SYCP1,SYCP1,1,0.8,0,0.0,0,0.0,0,0.0
MBL,125,YBX2,YBX2,1,0.8,0,0.0,0,0.0,0,0.0
MESO,87,CXorf49,CXorf49,7,8.05,2,2.3,0,0.0,0,0.0
MESO,87,EGFL6,EGFL6,7,8.05,2,2.3,1,1.15,0,0.0
MESO,87,SPANXB1,SPANXB1,6,6.9,1,1.15,1,1.15,0,0.0
MESO,87,GAGE1,GAGE1,4,4.6,3,3.45,2,2.3,2,2.3
MESO,87,PRAME,PRAME,3,3.45,2,2.3,1,1.15,0,0.0
MESO,87,PSG5,PSG5,3,3.45,2,2.3,1,1.15,1,1.15
MESO,87,XAGE1,XAGE1,3,3.45,2,2.3,1,1.15,0,0.0
MESO,87,XAGE2,XAGE2,3,3.45,2,2.3,1,1.15,0,0.0
MESO,87,CTAGE1,CTAGE1,1,1.15,0,0.0,0,0.0,0,0.0
MESO,87,MAGEA1,MAGEA1,1,1.15,0,0.0,0,0.0,0,0.0
MESO,87,MAGEA3,MAGEA3,1,1.15,1,1.15,0,0.0,0,0.0
MESO,87,MAGEB2,MAGEB2,1,1.15,1,1.15,0,0.0,0,0.0
MESO,87,PASD1,PASD1,1,1.15,1,1.15,0,0.0,0,0.0
MESO,87,PLAC1,PLAC1,1,1.15,0,0.0,0,0.0,0,0.0
MESO,87,TKTL1,TKTL1,1,1.15,1,1.15,1,1.15,1,1.15
MESO,87,TRIML2,TRIML2,1,1.15,0,0.0,0,0.0,0,0.0
MESO,87,YBX2,YBX2,1,1.15,0,0.0,0,0.0,0,0.0
NUTM,1,NUTM1,NUTM1,1,100.0,0,0.0,0,0.0,0,0.0
OS,262,MAGEA3,MAGEA3,98,37.4,73,27.86,34,12.98,9,3.44
OS,262,PRAME,PRAME,86,32.82,59,22.52,35,13.36,10,3.82
OS,262,PAGE2,PAGE2,85,32.44,67,25.57,55,20.99,41,15.65
OS,262,XAGE1,XAGE1,84,32.06,67,25.57,51,19.47,39,14.89
OS,262,EGFL6,EGFL6,78,29.77,53,20.23,33,12.6,17,6.49
OS,262,PAGE5,PAGE5,65,24.81,47,17.94,34,12.98,25,9.54
OS,262,SSX2,SSX2,41,15.65,26,9.92,11,4.2,5,1.91
OS,262,MAGEA12,MAGEA12,36,13.74,10,3.82,3,1.15,0,0.0
OS,262,SSX1,SSX1,36,13.74,19,7.25,8,3.05,3,1.15
OS,262,NY-ESO-1,NY-ESO-1,27,10.31,19,7.25,13,4.96,5,1.91
OS,262,GAGE1,GAGE1,26,9.92,17,6.49,13,4.96,7,2.67
OS,262,MAGEA2,MAGEA2,26,9.92,7,2.67,0,0.0,0,0.0
OS,262,MAGEA1,MAGEA1,19,7.25,5,1.91,0,0.0,0,0.0
OS,262,SPANXB1,SPANXB1,19,7.25,12,4.58,10,3.82,4,1.53
OS,262,MAGEB2,MAGEB2,15,5.73,10,3.82,0,0.0,0,0.0
OS,262,MAGEC2,MAGEC2,15,5.73,5,1.91,0,0.0,0,0.0
OS,262,DAZ1,DAZ1,14,5.34,9,3.44,3,1.15,3,1.15
OS,262,MAGEA10,MAGEA10,11,4.2,3,1.15,2,0.76,0,0.0
OS,262,VCX,VCX,11,4.2,5,1.91,1,0.38,0,0.0
OS,262,MAGEA4,MAGEA4,8,3.05,4,1.53,3,1.15,1,0.38
OS,262,MAGEA9,MAGEA9,8,3.05,6,2.29,2,0.76,0,0.0
OS,262,VCY,VCY,8,3.05,7,2.67,3,1.15,1,0.38
OS,262,CT45A1,CT45A1,7,2.67,4,1.53,0,0.0,0,0.0
OS,262,MAGEB1,MAGEB1,6,2.29,1,0.38,0,0.0,0,0.0
OS,262,MAGEC1,MAGEC1,5,1.91,0,0.0,0,0.0,0,0.0
OS,262,RBMY1A1,RBMY1A1,5,1.91,1,0.38,0,0.0,0,0.0
OS,262,SPANXA1,SPANXA1,5,1.91,1,0.38,1,0.38,1,0.38
OS,262,XAGE5,XAGE5,5,1.91,1,0.38,0,0.0,0,0.0
OS,262,PASD1,PASD1,4,1.53,0,0.0,0,0.0,0,0.0
OS,262,SSX4,SSX4,4,1.53,1,0.38,0,0.0,0,0.0
OS,262,ACTL8,ACTL8,3,1.15,2,0.76,1,0.38,1,0.38
OS,262,COX7B2,COX7B2,3,1.15,1,0.38,1,0.38,0,0.0
OS,262,LRRC36,LRRC36,3,1.15,1,0.38,0,0.0,0,0.0
OS,262,TSPY1,TSPY1,3,1.15,2,0.76,1,0.38,1,0.38
OS,262,TUBA3C,TUBA3C,3,1.15,1,0.38,0,0.0,0,0.0
OS,262,DPEP3,DPEP3,2,0.76,2,0.76,1,0.38,0,0.0
OS,262,FMR1NB,FMR1NB,2,0.76,0,0.0,0,0.0,0,0.0
OS,262,PSG5,PSG5,2,0.76,0,0.0,0,0.0,0,0.0
OS,262,VCX3B,VCX3B,2,0.76,0,0.0,0,0.0,0,0.0
OS,262,XAGE2,XAGE2,2,0.76,1,0.38,0,0.0,0,0.0
OS,262,AKNAD1,AKNAD1,1,0.38,0,0.0,0,0.0,0,0.0
OS,262,CATSPERD,CATSPERD,1,0.38,0,0.0,0,0.0,0,0.0
OS,262,CRISP2,CRISP2,1,0.38,0,0.0,0,0.0,0,0.0
OS,262,HORMAD1,HORMAD1,1,0.38,0,0.0,0,0.0,0,0.0
OS,262,MAGEA8,MAGEA8,1,0.38,0,0.0,0,0.0,0,0.0
OS,262,NAA11,NAA11,1,0.38,0,0.0,0,0.0,0,0.0
OS,262,PAGE1,PAGE1,1,0.38,0,0.0,0,0.0,0,0.0
OS,262,PHF7,PHF7,1,0.38,0,0.0,0,0.0,0,0.0
OS,262,SYCE2,SYCE2,1,0.38,0,0.0,0,0.0,0,0.0
OS,262,TEX101,TEX101,1,0.38,0,0.0,0,0.0,0,0.0
OS,262,TKTL1,TKTL1,1,0.38,0,0.0,0,0.0,0,0.0
OS,262,XAGE3,XAGE3,1,0.38,1,0.38,1,0.38,0,0.0
OS,262,YBX2,YBX2,1,0.38,0,0.0,0,0.0,0,0.0
OV,426,PRAME,PRAME,298,69.95,191,44.84,53,12.44,8,1.88
OV,426,DPEP3,DPEP3,70,16.43,50,11.74,23,5.4,8,1.88
OV,426,CTCFL,CTCFL,67,15.73,23,5.4,2,0.47,0,0.0
OV,426,EGFL6,EGFL6,51,11.97,7,1.64,0,0.0,0,0.0
OV,426,MAGEA4,MAGEA4,39,9.15,19,4.46,7,1.64,0,0.0
OV,426,GAGE1,GAGE1,35,8.22,29,6.81,24,5.63,14,3.29
OV,426,PAGE2,PAGE2,34,7.98,32,7.51,24,5.63,17,3.99
OV,426,TKTL1,TKTL1,33,7.75,18,4.23,5,1.17,3,0.7
OV,426,CT45A1,CT45A1,31,7.28,9,2.11,1,0.23,0,0.0
OV,426,NY-ESO-1,NY-ESO-1,31,7.28,29,6.81,24,5.63,9,2.11
OV,426,XAGE2,XAGE2,20,4.69,6,1.41,0,0.0,0,0.0
OV,426,MAGEA9,MAGEA9,19,4.46,5,1.17,1,0.23,0,0.0
OV,426,CXorf49,CXorf49,18,4.23,6,1.41,4,0.94,1,0.23
OV,426,YBX2,YBX2,18,4.23,4,0.94,0,0.0,0,0.0
OV,426,MAGEC2,MAGEC2,16,3.76,6,1.41,1,0.23,0,0.0
OV,426,XAGE1,XAGE1,14,3.29,9,2.11,7,1.64,2,0.47
OV,426,SSX4,SSX4,10,2.35,1,0.23,0,0.0,0,0.0
OV,426,COX7B2,COX7B2,9,2.11,2,0.47,0,0.0,0,0.0
OV,426,ACTL8,ACTL8,8,1.88,3,0.7,0,0.0,0,0.0
OV,426,MAGEA3,MAGEA3,7,1.64,1,0.23,0,0.0,0,0.0
OV,426,PAGE1,PAGE1,7,1.64,3,0.7,2,0.47,0,0.0
OV,426,PLAC1,PLAC1,7,1.64,0,0.0,0,0.0,0,0.0
OV,426,MAGEC1,MAGEC1,5,1.17,1,0.23,0,0.0,0,0.0
OV,426,MAGEA1,MAGEA1,4,0.94,2,0.47,0,0.0,0,0.0
OV,426,MAGEA10,MAGEA10,4,0.94,0,0.0,0,0.0,0,0.0
OV,426,PAGE5,PAGE5,4,0.94,3,0.7,3,0.7,1,0.23
OV,426,SSX1,SSX1,4,0.94,3,0.7,1,0.23,0,0.0
OV,426,DPPA2,DPPA2,3,0.7,2,0.47,0,0.0,0,0.0
OV,426,MAGEA12,MAGEA12,3,0.7,1,0.23,0,0.0,0,0.0
OV,426,SSX2,SSX2,3,0.7,2,0.47,0,0.0,0,0.0
OV,426,DAZL,DAZL,2,0.47,0,0.0,0,0.0,0,0.0
OV,426,MAGEA8,MAGEA8,2,0.47,1,0.23,0,0.0,0,0.0
OV,426,SSX5,SSX5,2,0.47,1,0.23,0,0.0,0,0.0
OV,426,SYCE2,SYCE2,2,0.47,0,0.0,0,0.0,0,0.0
OV,426,VCX,VCX,2,0.47,1,0.23,1,0.23,0,0.0
OV,426,C1orf94,C1orf94,1,0.23,0,0.0,0,0.0,0,0.0
OV,426,CATSPERD,CATSPERD,1,0.23,0,0.0,0,0.0,0,0.0
OV,426,CT55,CT55,1,0.23,0,0.0,0,0.0,0,0.0
OV,426,FTHL17,FTHL17,1,0.23,0,0.0,0,0.0,0,0.0
OV,426,LDHC,LDHC,1,0.23,0,0.0,0,0.0,0,0.0
OV,426,MAGEA2,MAGEA2,1,0.23,0,0.0,0,0.0,0,0.0
OV,426,PASD1,PASD1,1,0.23,0,0.0,0,0.0,0,0.0
OV,426,SPANXA1,SPANXA1,1,0.23,0,0.0,0,0.0,0,0.0
OV,426,TEKT5,TEKT5,1,0.23,0,0.0,0,0.0,0,0.0
PAAD,179,CGB8,CGB8,19,10.61,9,5.03,3,1.68,2,1.12
PAAD,179,DAZ1,DAZ1,10,5.59,3,1.68,1,0.56,0,0.0
PAAD,179,CXorf49,CXorf49,3,1.68,1,0.56,0,0.0,0,0.0
PAAD,179,MAGEA3,MAGEA3,3,1.68,1,0.56,1,0.56,0,0.0
PAAD,179,ACTL8,ACTL8,1,0.56,0,0.0,0,0.0,0,0.0
PAAD,179,GAGE1,GAGE1,1,0.56,1,0.56,1,0.56,0,0.0
PAAD,179,MAGEA4,MAGEA4,1,0.56,0,0.0,0,0.0,0,0.0
PAAD,179,PAGE2,PAGE2,1,0.56,1,0.56,0,0.0,0,0.0
PAAD,179,XAGE2,XAGE2,1,0.56,1,0.56,1,0.56,0,0.0
PCPG,182,NY-ESO-1,NY-ESO-1,3,1.65,3,1.65,1,0.55,0,0.0
PCPG,182,MAGEA3,MAGEA3,2,1.1,2,1.1,0,0.0,0,0.0
PCPG,182,EGFL6,EGFL6,1,0.55,0,0.0,0,0.0,0,0.0
PCPG,182,MAGEA4,MAGEA4,1,0.55,1,0.55,0,0.0,0,0.0
PCPG,182,MAGEA9,MAGEA9,1,0.55,1,0.55,1,0.55,0,0.0
PCPG,182,PAGE2,PAGE2,1,0.55,1,0.55,1,0.55,0,0.0
PCPG,182,PAGE5,PAGE5,1,0.55,0,0.0,0,0.0,0,0.0
PCPG,182,PRAME,PRAME,1,0.55,0,0.0,0,0.0,0,0.0
PCPG,182,XAGE1,XAGE1,1,0.55,1,0.55,1,0.55,1,0.55
PRAD,496,XAGE1,XAGE1,14,2.82,12,2.42,10,2.02,5,1.01
PRAD,496,COX7B2,COX7B2,7,1.41,2,0.4,1,0.2,0,0.0
PRAD,496,NY-ESO-1,NY-ESO-1,6,1.21,4,0.81,1,0.2,1,0.2
PRAD,496,TDRD1,TDRD1,4,0.81,0,0.0,0,0.0,0,0.0
PRAD,496,ADAM2,ADAM2,3,0.6,1,0.2,0,0.0,0,0.0
PRAD,496,MAGEA3,MAGEA3,3,0.6,0,0.0,0,0.0,0,0.0
PRAD,496,CT45A1,CT45A1,2,0.4,1,0.2,0,0.0,0,0.0
PRAD,496,CT83,CT83,2,0.4,0,0.0,0,0.0,0,0.0
PRAD,496,DAZ1,DAZ1,2,0.4,0,0.0,0,0.0,0,0.0
PRAD,496,PRAME,PRAME,2,0.4,0,0.0,0,0.0,0,0.0
PRAD,496,CABS1,CABS1,1,0.2,0,0.0,0,0.0,0,0.0
PRAD,496,CATSPERD,CATSPERD,1,0.2,0,0.0,0,0.0,0,0.0
PRAD,496,GAGE1,GAGE1,1,0.2,1,0.2,1,0.2,1,0.2
PRAD,496,MAGEA1,MAGEA1,1,0.2,0,0.0,0,0.0,0,0.0
PRAD,496,MAGEA12,MAGEA12,1,0.2,0,0.0,0,0.0,0,0.0
PRAD,496,MAGEA4,MAGEA4,1,0.2,1,0.2,1,0.2,0,0.0
PRAD,496,MAGEA8,MAGEA8,1,0.2,0,0.0,0,0.0,0,0.0
PRAD,496,MAGEC2,MAGEC2,1,0.2,0,0.0,0,0.0,0,0.0
RB,15,PRAME,PRAME,3,20.0,0,0.0,0,0.0,0,0.0
RB,15,EGFL6,EGFL6,1,6.67,1,6.67,0,0.0,0,0.0
READ,93,MAGEA3,MAGEA3,13,13.98,10,10.75,8,8.6,5,5.38
READ,93,YBX2,YBX2,10,10.75,0,0.0,0,0.0,0,0.0
READ,93,MAGEA12,MAGEA12,8,8.6,4,4.3,0,0.0,0,0.0
READ,93,MAGEA2,MAGEA2,7,7.53,2,2.15,0,0.0,0,0.0
READ,93,MAGEC2,MAGEC2,3,3.23,1,1.08,0,0.0,0,0.0
READ,93,COX7B2,COX7B2,2,2.15,0,0.0,0,0.0,0,0.0
READ,93,CT83,CT83,2,2.15,1,1.08,1,1.08,0,0.0
READ,93,DAZ1,DAZ1,2,2.15,2,2.15,0,0.0,0,0.0
READ,93,MAGEA9,MAGEA9,2,2.15,1,1.08,0,0.0,0,0.0
READ,93,MAGEB2,MAGEB2,2,2.15,1,1.08,0,0.0,0,0.0
READ,93,PAGE2,PAGE2,2,2.15,1,1.08,0,0.0,0,0.0
READ,93,ACTL8,ACTL8,1,1.08,1,1.08,1,1.08,0,0.0
READ,93,CT45A1,CT45A1,1,1.08,1,1.08,0,0.0,0,0.0
READ,93,CTCFL,CTCFL,1,1.08,0,0.0,0,0.0,0,0.0
READ,93,GAGE1,GAGE1,1,1.08,0,0.0,0,0.0,0,0.0
READ,93,MAGEA1,MAGEA1,1,1.08,0,0.0,0,0.0,0,0.0
READ,93,MAGEA10,MAGEA10,1,1.08,0,0.0,0,0.0,0,0.0
READ,93,PAGE1,PAGE1,1,1.08,0,0.0,0,0.0,0,0.0
READ,93,TKTL1,TKTL1,1,1.08,0,0.0,0,0.0,0,0.0
READ,93,XAGE1,XAGE1,1,1.08,1,1.08,0,0.0,0,0.0
RMS_ARMS,73,XAGE1,XAGE1,28,38.36,24,32.88,19,26.03,14,19.18
RMS_ARMS,73,TEX14,TEX14,16,21.92,5,6.85,1,1.37,0,0.0
RMS_ARMS,73,PRAME,PRAME,14,19.18,11,15.07,9,12.33,4,5.48
RMS_ARMS,73,NY-ESO-1,NY-ESO-1,10,13.7,9,12.33,6,8.22,5,6.85
RMS_ARMS,73,MAGEA9,MAGEA9,9,12.33,1,1.37,0,0.0,0,0.0
RMS_ARMS,73,MAGEA3,MAGEA3,7,9.59,5,6.85,2,2.74,0,0.0
RMS_ARMS,73,MAGEA12,MAGEA12,4,5.48,1,1.37,0,0.0,0,0.0
RMS_ARMS,73,TKTL1,TKTL1,4,5.48,2,2.74,1,1.37,0,0.0
RMS_ARMS,73,MAGEA10,MAGEA10,3,4.11,1,1.37,0,0.0,0,0.0
RMS_ARMS,73,MAGEA2,MAGEA2,3,4.11,0,0.0,0,0.0,0,0.0
RMS_ARMS,73,MAGEA1,MAGEA1,2,2.74,0,0.0,0,0.0,0,0.0
RMS_ARMS,73,PAGE2,PAGE2,2,2.74,0,0.0,0,0.0,0,0.0
RMS_ARMS,73,PSG11,PSG11,2,2.74,1,1.37,1,1.37,0,0.0
RMS_ARMS,73,TSPY1,TSPY1,2,2.74,2,2.74,0,0.0,0,0.0
RMS_ARMS,73,CT45A1,CT45A1,1,1.37,0,0.0,0,0.0,0,0.0
RMS_ARMS,73,GAGE1,GAGE1,1,1.37,1,1.37,1,1.37,0,0.0
RMS_ARMS,73,MAGEC2,MAGEC2,1,1.37,0,0.0,0,0.0,0,0.0
RMS_ARMS,73,MEIOB,MEIOB,1,1.37,1,1.37,0,0.0,0,0.0
RMS_ARMS,73,PAGE5,PAGE5,1,1.37,1,1.37,1,1.37,1,1.37
RMS_ARMS,73,PLAC1,PLAC1,1,1.37,1,1.37,0,0.0,0,0.0
RMS_ARMS,73,PSG1,PSG1,1,1.37,0,0.0,0,0.0,0,0.0
RMS_ARMS,73,SSX2,SSX2,1,1.37,1,1.37,1,1.37,1,1.37
RMS_ARMS,73,VCY,VCY,1,1.37,1,1.37,1,1.37,1,1.37
RMS_ERMS,95,PRAME,PRAME,76,80.0,70,73.68,59,62.11,26,27.37
RMS_ERMS,95,MAGEA3,MAGEA3,23,24.21,14,14.74,7,7.37,0,0.0
RMS_ERMS,95,MAGEA2,MAGEA2,15,15.79,4,4.21,0,0.0,0,0.0
RMS_ERMS,95,MAGEA12,MAGEA12,13,13.68,5,5.26,0,0.0,0,0.0
RMS_ERMS,95,GAGE1,GAGE1,7,7.37,4,4.21,4,4.21,3,3.16
RMS_ERMS,95,XAGE1,XAGE1,7,7.37,6,6.32,5,5.26,4,4.21
RMS_ERMS,95,MAGEA9,MAGEA9,6,6.32,4,4.21,1,1.05,0,0.0
RMS_ERMS,95,EGFL6,EGFL6,5,5.26,0,0.0,0,0.0,0,0.0
RMS_ERMS,95,MAGEA10,MAGEA10,5,5.26,2,2.11,0,0.0,0,0.0
RMS_ERMS,95,CT45A1,CT45A1,4,4.21,1,1.05,0,0.0,0,0.0
RMS_ERMS,95,CTCFL,CTCFL,4,4.21,1,1.05,0,0.0,0,0.0
RMS_ERMS,95,DAZ1,DAZ1,3,3.16,1,1.05,0,0.0,0,0.0
RMS_ERMS,95,TKTL1,TKTL1,3,3.16,2,2.11,0,0.0,0,0.0
RMS_ERMS,95,MAGEA1,MAGEA1,2,2.11,1,1.05,0,0.0,0,0.0
RMS_ERMS,95,MAGEA4,MAGEA4,2,2.11,1,1.05,1,1.05,0,0.0
RMS_ERMS,95,TSPY1,TSPY1,2,2.11,1,1.05,1,1.05,0,0.0
RMS_ERMS,95,BRDT,BRDT,1,1.05,0,0.0,0,0.0,0,0.0
RMS_ERMS,95,DPEP3,DPEP3,1,1.05,1,1.05,0,0.0,0,0.0
RMS_ERMS,95,MAGEB2,MAGEB2,1,1.05,1,1.05,0,0.0,0,0.0
RMS_ERMS,95,MAGEC2,MAGEC2,1,1.05,0,0.0,0,0.0,0,0.0
RMS_ERMS,95,PLAC1,PLAC1,1,1.05,1,1.05,0,0.0,0,0.0
RMS_ERMS,95,SSX2,SSX2,1,1.05,1,1.05,1,1.05,1,1.05
RMS_ERMS,95,VCX,VCX,1,1.05,1,1.05,0,0.0,0,0.0
RMS_ERMS,95,VCX3B,VCX3B,1,1.05,0,0.0,0,0.0,0,0.0
RMS_ERMS,95,VCY,VCY,1,1.05,1,1.05,1,1.05,1,1.05
RMS_PRMS,6,MAGEA3,MAGEA3,3,50.0,2,33.33,0,0.0,0,0.0
RMS_PRMS,6,MAGEA12,MAGEA12,2,33.33,0,0.0,0,0.0,0,0.0
RMS_PRMS,6,NY-ESO-1,NY-ESO-1,2,33.33,2,33.33,2,33.33,0,0.0
RMS_PRMS,6,PRAME,PRAME,2,33.33,2,33.33,1,16.67,0,0.0
RMS_PRMS,6,PSG1,PSG1,2,33.33,0,0.0,0,0.0,0,0.0
RMS_PRMS,6,MAGEA2,MAGEA2,1,16.67,0,0.0,0,0.0,0,0.0
RMS_PRMS,6,MAGEC1,MAGEC1,1,16.67,0,0.0,0,0.0,0,0.0
RMS_PRMS,6,PAGE2,PAGE2,1,16.67,0,0.0,0,0.0,0,0.0
RMS_PRMS,6,PAGE5,PAGE5,1,16.67,1,16.67,0,0.0,0,0.0
RMS_PRMS,6,PSG11,PSG11,1,16.67,1,16.67,0,0.0,0,0.0
RMS_PRMS,6,SPANXB1,SPANXB1,1,16.67,1,16.67,1,16.67,0,0.0
RMS_SSRMS,8,PRAME,PRAME,7,87.5,5,62.5,4,50.0,2,25.0
RMS_SSRMS,8,MAGEA12,MAGEA12,1,12.5,1,12.5,0,0.0,0,0.0
RMS_SSRMS,8,MAGEA2,MAGEA2,1,12.5,1,12.5,0,0.0,0,0.0
RMS_SSRMS,8,MAGEA3,MAGEA3,1,12.5,1,12.5,1,12.5,0,0.0
RMS_SSRMS,8,NY-ESO-1,NY-ESO-1,1,12.5,1,12.5,1,12.5,1,12.5
SARC,100,PAGE5,PAGE5,9,9.0,7,7.0,6,6.0,5,5.0
SARC,100,XAGE1,XAGE1,7,7.0,7,7.0,6,6.0,3,3.0
SARC,100,MAGEA3,MAGEA3,6,6.0,5,5.0,3,3.0,0,0.0
SARC,100,PAGE2,PAGE2,6,6.0,6,6.0,6,6.0,5,5.0
SARC,100,PRAME,PRAME,5,5.0,5,5.0,2,2.0,0,0.0
SARC,100,EGFL6,EGFL6,4,4.0,2,2.0,1,1.0,0,0.0
SARC,100,GAGE1,GAGE1,4,4.0,4,4.0,4,4.0,3,3.0
SARC,100,CGB8,CGB8,3,3.0,1,1.0,1,1.0,1,1.0
SARC,100,MAGEA12,MAGEA12,3,3.0,1,1.0,0,0.0,0,0.0
SARC,100,PSG5,PSG5,3,3.0,0,0.0,0,0.0,0,0.0
SARC,100,SPANXA1,SPANXA1,3,3.0,2,2.0,1,1.0,0,0.0
SARC,100,SSX1,SSX1,3,3.0,1,1.0,0,0.0,0,0.0
SARC,100,SSX2,SSX2,3,3.0,2,2.0,0,0.0,0,0.0
SARC,100,MAGEA2,MAGEA2,2,2.0,0,0.0,0,0.0,0,0.0
SARC,100,MAGEB2,MAGEB2,2,2.0,0,0.0,0,0.0,0,0.0
SARC,100,NY-ESO-1,NY-ESO-1,2,2.0,2,2.0,1,1.0,0,0.0
SARC,100,SPANXB1,SPANXB1,2,2.0,2,2.0,1,1.0,0,0.0
SARC,100,VCX,VCX,2,2.0,1,1.0,0,0.0,0,0.0
SARC,100,COX7B2,COX7B2,1,1.0,1,1.0,0,0.0,0,0.0
SARC,100,CXorf49,CXorf49,1,1.0,0,0.0,0,0.0,0,0.0
SARC,100,DAZL,DAZL,1,1.0,0,0.0,0,0.0,0,0.0
SARC,100,FMR1NB,FMR1NB,1,1.0,1,1.0,0,0.0,0,0.0
SARC,100,FTHL17,FTHL17,1,1.0,0,0.0,0,0.0,0,0.0
SARC,100,MAGEA9,MAGEA9,1,1.0,0,0.0,0,0.0,0,0.0
SARC,100,MAGEB1,MAGEB1,1,1.0,0,0.0,0,0.0,0,0.0
SARC,100,MAGEC2,MAGEC2,1,1.0,0,0.0,0,0.0,0,0.0
SARC,100,PAGE1,PAGE1,1,1.0,0,0.0,0,0.0,0,0.0
SARC,100,PLAC1,PLAC1,1,1.0,1,1.0,0,0.0,0,0.0
SARC,100,TEKT5,TEKT5,1,1.0,0,0.0,0,0.0,0,0.0
SARC,100,TSPY1,TSPY1,1,1.0,1,1.0,0,0.0,0,0.0
SARC,100,TUBA3C,TUBA3C,1,1.0,1,1.0,0,0.0,0,0.0
SARC,100,VCX3B,VCX3B,1,1.0,0,0.0,0,0.0,0,0.0
SARC,100,XAGE2,XAGE2,1,1.0,1,1.0,0,0.0,0,0.0
SARC,100,XAGE3,XAGE3,1,1.0,0,0.0,0,0.0,0,0.0
SARC,100,XAGE5,XAGE5,1,1.0,1,1.0,0,0.0,0,0.0
SARC_LMS,151,PAGE5,PAGE5,15,9.93,13,8.61,10,6.62,9,5.96
SARC_LMS,151,MAGEA3,MAGEA3,13,8.61,10,6.62,3,1.99,0,0.0
SARC_LMS,151,PAGE2,PAGE2,11,7.28,11,7.28,11,7.28,8,5.3
SARC_LMS,151,XAGE1,XAGE1,11,7.28,11,7.28,9,5.96,5,3.31
SARC_LMS,151,GAGE1,GAGE1,10,6.62,9,5.96,9,5.96,5,3.31
SARC_LMS,151,PRAME,PRAME,10,6.62,8,5.3,4,2.65,1,0.66
SARC_LMS,151,EGFL6,EGFL6,7,4.64,3,1.99,1,0.66,0,0.0
SARC_LMS,151,MAGEA12,MAGEA12,6,3.97,1,0.66,0,0.0,0,0.0
SARC_LMS,151,NY-ESO-1,NY-ESO-1,6,3.97,5,3.31,2,1.32,0,0.0
SARC_LMS,151,SSX1,SSX1,6,3.97,3,1.99,0,0.0,0,0.0
SARC_LMS,151,SSX2,SSX2,6,3.97,3,1.99,1,0.66,0,0.0
SARC_LMS,151,MAGEA2,MAGEA2,4,2.65,0,0.0,0,0.0,0,0.0
SARC_LMS,151,MAGEB2,MAGEB2,4,2.65,0,0.0,0,0.0,0,0.0
SARC_LMS,151,SPANXB1,SPANXB1,4,2.65,2,1.32,1,0.66,0,0.0
SARC_LMS,151,VCX,VCX,4,2.65,2,1.32,1,0.66,0,0.0
SARC_LMS,151,CGB8,CGB8,3,1.99,1,0.66,1,0.66,1,0.66
SARC_LMS,151,COX7B2,COX7B2,3,1.99,1,0.66,0,0.0,0,0.0
SARC_LMS,151,PHF7,PHF7,3,1.99,0,0.0,0,0.0,0,0.0
SARC_LMS,151,PSG5,PSG5,3,1.99,0,0.0,0,0.0,0,0.0
SARC_LMS,151,SPANXA1,SPANXA1,3,1.99,2,1.32,1,0.66,0,0.0
SARC_LMS,151,VCX3B,VCX3B,3,1.99,0,0.0,0,0.0,0,0.0
SARC_LMS,151,FMR1NB,FMR1NB,2,1.32,1,0.66,0,0.0,0,0.0
SARC_LMS,151,PAGE1,PAGE1,2,1.32,1,0.66,0,0.0,0,0.0
SARC_LMS,151,TUBA3C,TUBA3C,2,1.32,1,0.66,0,0.0,0,0.0
SARC_LMS,151,C1orf94,C1orf94,1,0.66,1,0.66,0,0.0,0,0.0
SARC_LMS,151,CXorf49,CXorf49,1,0.66,0,0.0,0,0.0,0,0.0
SARC_LMS,151,DAZL,DAZL,1,0.66,0,0.0,0,0.0,0,0.0
SARC_LMS,151,FTHL17,FTHL17,1,0.66,0,0.0,0,0.0,0,0.0
SARC_LMS,151,MAGEA1,MAGEA1,1,0.66,0,0.0,0,0.0,0,0.0
SARC_LMS,151,MAGEA9,MAGEA9,1,0.66,0,0.0,0,0.0,0,0.0
SARC_LMS,151,MAGEB1,MAGEB1,1,0.66,0,0.0,0,0.0,0,0.0
SARC_LMS,151,MAGEC2,MAGEC2,1,0.66,0,0.0,0,0.0,0,0.0
SARC_LMS,151,PLAC1,PLAC1,1,0.66,1,0.66,0,0.0,0,0.0
SARC_LMS,151,SYCE2,SYCE2,1,0.66,0,0.0,0,0.0,0,0.0
SARC_LMS,151,TEKT5,TEKT5,1,0.66,0,0.0,0,0.0,0,0.0
SARC_LMS,151,TSKS,TSKS,1,0.66,1,0.66,1,0.66,0,0.0
SARC_LMS,151,TSPY1,TSPY1,1,0.66,1,0.66,0,0.0,0,0.0
SARC_LMS,151,VCY,VCY,1,0.66,0,0.0,0,0.0,0,0.0
SARC_LMS,151,XAGE2,XAGE2,1,0.66,1,0.66,0,0.0,0,0.0
SARC_LMS,151,XAGE3,XAGE3,1,0.66,0,0.0,0,0.0,0,0.0
SARC_LMS,151,XAGE5,XAGE5,1,0.66,1,0.66,0,0.0,0,0.0
SARC_LMS,151,YBX2,YBX2,1,0.66,0,0.0,0,0.0,0,0.0
SARC_LPS_UNSPEC,92,EGFL6,EGFL6,13,14.13,9,9.78,5,5.43,1,1.09
SARC_LPS_UNSPEC,92,PLAC1,PLAC1,11,11.96,0,0.0,0,0.0,0,0.0
SARC_LPS_UNSPEC,92,PRAME,PRAME,6,6.52,5,5.43,4,4.35,1,1.09
SARC_LPS_UNSPEC,92,PSG5,PSG5,6,6.52,3,3.26,0,0.0,0,0.0
SARC_LPS_UNSPEC,92,NY-ESO-1,NY-ESO-1,5,5.43,5,5.43,4,4.35,2,2.17
SARC_LPS_UNSPEC,92,PAGE2,PAGE2,5,5.43,4,4.35,3,3.26,1,1.09
SARC_LPS_UNSPEC,92,PAGE5,PAGE5,5,5.43,5,5.43,3,3.26,1,1.09
SARC_LPS_UNSPEC,92,MAGEA3,MAGEA3,4,4.35,1,1.09,0,0.0,0,0.0
SARC_LPS_UNSPEC,92,SSX1,SSX1,3,3.26,0,0.0,0,0.0,0,0.0
SARC_LPS_UNSPEC,92,SSX2,SSX2,3,3.26,1,1.09,0,0.0,0,0.0
SARC_LPS_UNSPEC,92,XAGE1,XAGE1,3,3.26,2,2.17,2,2.17,0,0.0
SARC_LPS_UNSPEC,92,CGB8,CGB8,2,2.17,2,2.17,0,0.0,0,0.0
SARC_LPS_UNSPEC,92,GAGE1,GAGE1,2,2.17,2,2.17,1,1.09,0,0.0
SARC_LPS_UNSPEC,92,COX7B2,COX7B2,1,1.09,0,0.0,0,0.0,0,0.0
SARC_LPS_UNSPEC,92,MAGEA9,MAGEA9,1,1.09,0,0.0,0,0.0,0,0.0
SARC_LPS_UNSPEC,92,MAGEC1,MAGEC1,1,1.09,0,0.0,0,0.0,0,0.0
SARC_LPS_UNSPEC,92,PSG1,PSG1,1,1.09,0,0.0,0,0.0,0,0.0
SARC_LPS_UNSPEC,92,PSG11,PSG11,1,1.09,1,1.09,0,0.0,0,0.0
SARC_LPS_UNSPEC,92,SYCP3,SYCP3,1,1.09,1,1.09,0,0.0,0,0.0
SARC_LPS_UNSPEC,92,TSPY1,TSPY1,1,1.09,0,0.0,0,0.0,0,0.0
SARC_LPS_UNSPEC,92,UTF1,UTF1,1,1.09,0,0.0,0,0.0,0,0.0
SARC_LPS_UNSPEC,92,VCX,VCX,1,1.09,1,1.09,1,1.09,0,0.0
SARC_LPS_UNSPEC,92,VCY,VCY,1,1.09,1,1.09,1,1.09,1,1.09
SARC_LPS_UNSPEC,92,XAGE2,XAGE2,1,1.09,0,0.0,0,0.0,0,0.0
SARC_MYXFIB,41,MAGEA3,MAGEA3,10,24.39,6,14.63,2,4.88,0,0.0
SARC_MYXFIB,41,PAGE2,PAGE2,10,24.39,9,21.95,9,21.95,8,19.51
SARC_MYXFIB,41,PAGE5,PAGE5,10,24.39,8,19.51,8,19.51,4,9.76
SARC_MYXFIB,41,GAGE1,GAGE1,6,14.63,5,12.2,5,12.2,4,9.76
SARC_MYXFIB,41,SSX1,SSX1,6,14.63,5,12.2,2,4.88,0,0.0
SARC_MYXFIB,41,SSX2,SSX2,6,14.63,6,14.63,2,4.88,0,0.0
SARC_MYXFIB,41,XAGE1,XAGE1,6,14.63,6,14.63,5,12.2,5,12.2
SARC_MYXFIB,41,MAGEC2,MAGEC2,5,12.2,2,4.88,0,0.0,0,0.0
SARC_MYXFIB,41,MAGEA12,MAGEA12,3,7.32,0,0.0,0,0.0,0,0.0
SARC_MYXFIB,41,PRAME,PRAME,3,7.32,1,2.44,1,2.44,0,0.0
SARC_MYXFIB,41,TSPY1,TSPY1,3,7.32,0,0.0,0,0.0,0,0.0
SARC_MYXFIB,41,EGFL6,EGFL6,2,4.88,2,4.88,1,2.44,1,2.44
SARC_MYXFIB,41,MAGEA2,MAGEA2,2,4.88,2,4.88,0,0.0,0,0.0
SARC_MYXFIB,41,MAGEC1,MAGEC1,2,4.88,0,0.0,0,0.0,0,0.0
SARC_MYXFIB,41,NY-ESO-1,NY-ESO-1,2,4.88,2,4.88,2,4.88,0,0.0
SARC_MYXFIB,41,PSG5,PSG5,2,4.88,2,4.88,2,4.88,0,0.0
SARC_MYXFIB,41,PSG9,PSG9,2,4.88,1,2.44,0,0.0,0,0.0
SARC_MYXFIB,41,VCX,VCX,2,4.88,1,2.44,0,0.0,0,0.0
SARC_MYXFIB,41,COX7B2,COX7B2,1,2.44,1,2.44,0,0.0,0,0.0
SARC_MYXFIB,41,MAGEA4,MAGEA4,1,2.44,1,2.44,0,0.0,0,0.0
SARC_MYXFIB,41,MAGEB2,MAGEB2,1,2.44,0,0.0,0,0.0,0,0.0
SARC_MYXFIB,41,PAGE1,PAGE1,1,2.44,0,0.0,0,0.0,0,0.0
SARC_MYXFIB,41,PLAC1,PLAC1,1,2.44,0,0.0,0,0.0,0,0.0
SARC_MYXFIB,41,PSG1,PSG1,1,2.44,1,2.44,1,2.44,0,0.0
SARC_MYXFIB,41,SPACA3,SPACA3,1,2.44,0,0.0,0,0.0,0,0.0
SARC_MYXFIB,41,SPANXA1,SPANXA1,1,2.44,0,0.0,0,0.0,0,0.0
SARC_MYXFIB,41,SPANXB1,SPANXB1,1,2.44,1,2.44,0,0.0,0,0.0
SARC_MYXFIB,41,TSKS,TSKS,1,2.44,0,0.0,0,0.0,0,0.0
SARC_MYXFIB,41,VCX3B,VCX3B,1,2.44,0,0.0,0,0.0,0,0.0
SARC_MYXFIB,41,VCY,VCY,1,2.44,0,0.0,0,0.0,0,0.0
SARC_MYXFIB,41,XAGE2,XAGE2,1,2.44,1,2.44,0,0.0,0,0.0
SARC_SYN,50,PRAME,PRAME,47,94.0,46,92.0,38,76.0,20,40.0
SARC_SYN,50,NY-ESO-1,NY-ESO-1,32,64.0,27,54.0,22,44.0,16,32.0
SARC_SYN,50,SSX1,SSX1,30,60.0,20,40.0,2,4.0,0,0.0
SARC_SYN,50,MAGEA4,MAGEA4,15,30.0,8,16.0,5,10.0,2,4.0
SARC_SYN,50,SSX2,SSX2,13,26.0,6,12.0,0,0.0,0,0.0
SARC_SYN,50,MAGEA9,MAGEA9,8,16.0,5,10.0,2,4.0,1,2.0
SARC_SYN,50,YBX2,YBX2,8,16.0,1,2.0,0,0.0,0,0.0
SARC_SYN,50,DAZ1,DAZ1,7,14.0,7,14.0,4,8.0,1,2.0
SARC_SYN,50,CXorf49,CXorf49,6,12.0,2,4.0,0,0.0,0,0.0
SARC_SYN,50,XAGE1,XAGE1,4,8.0,3,6.0,1,2.0,1,2.0
SARC_SYN,50,BRDT,BRDT,2,4.0,0,0.0,0,0.0,0,0.0
SARC_SYN,50,MAGEA10,MAGEA10,2,4.0,0,0.0,0,0.0,0,0.0
SARC_SYN,50,CT45A1,CT45A1,1,2.0,0,0.0,0,0.0,0,0.0
SARC_SYN,50,DAZ3,DAZ3,1,2.0,0,0.0,0,0.0,0,0.0
SARC_SYN,50,EGFL6,EGFL6,1,2.0,0,0.0,0,0.0,0,0.0
SARC_SYN,50,GAGE1,GAGE1,1,2.0,1,2.0,1,2.0,1,2.0
SARC_SYN,50,HORMAD1,HORMAD1,1,2.0,0,0.0,0,0.0,0,0.0
SARC_SYN,50,MEIOB,MEIOB,1,2.0,0,0.0,0,0.0,0,0.0
SARC_SYN,50,NAA11,NAA11,1,2.0,0,0.0,0,0.0,0,0.0
SARC_SYN,50,RBMY1A1,RBMY1A1,1,2.0,1,2.0,0,0.0,0,0.0
SARC_SYN,50,TKTL1,TKTL1,1,2.0,1,2.0,1,2.0,0,0.0
SARC_UPS,110,MAGEA3,MAGEA3,30,27.27,20,18.18,7,6.36,0,0.0
SARC_UPS,110,PAGE5,PAGE5,27,24.55,25,22.73,17,15.45,11,10.0
SARC_UPS,110,PAGE2,PAGE2,21,19.09,15,13.64,13,11.82,10,9.09
SARC_UPS,110,PRAME,PRAME,13,11.82,6,5.45,4,3.64,1,0.91
SARC_UPS,110,XAGE1,XAGE1,13,11.82,12,10.91,9,8.18,6,5.45
SARC_UPS,110,GAGE1,GAGE1,12,10.91,9,8.18,5,4.55,4,3.64
SARC_UPS,110,EGFL6,EGFL6,11,10.0,8,7.27,5,4.55,3,2.73
SARC_UPS,110,SSX1,SSX1,10,9.09,6,5.45,3,2.73,0,0.0
SARC_UPS,110,SPANXB1,SPANXB1,8,7.27,2,1.82,0,0.0,0,0.0
SARC_UPS,110,SSX2,SSX2,8,7.27,5,4.55,0,0.0,0,0.0
SARC_UPS,110,MAGEA12,MAGEA12,7,6.36,0,0.0,0,0.0,0,0.0
SARC_UPS,110,NY-ESO-1,NY-ESO-1,6,5.45,5,4.55,5,4.55,1,0.91
SARC_UPS,110,DAZ1,DAZ1,4,3.64,4,3.64,3,2.73,2,1.82
SARC_UPS,110,MAGEC1,MAGEC1,4,3.64,2,1.82,0,0.0,0,0.0
SARC_UPS,110,XAGE2,XAGE2,4,3.64,2,1.82,1,0.91,0,0.0
SARC_UPS,110,MAGEA9,MAGEA9,3,2.73,1,0.91,0,0.0,0,0.0
SARC_UPS,110,PLAC1,PLAC1,3,2.73,1,0.91,0,0.0,0,0.0
SARC_UPS,110,PSG5,PSG5,3,2.73,0,0.0,0,0.0,0,0.0
SARC_UPS,110,SPANXA1,SPANXA1,3,2.73,2,1.82,1,0.91,1,0.91
SARC_UPS,110,VCX,VCX,3,2.73,1,0.91,0,0.0,0,0.0
SARC_UPS,110,CGB8,CGB8,2,1.82,2,1.82,0,0.0,0,0.0
SARC_UPS,110,COX7B2,COX7B2,2,1.82,1,0.91,0,0.0,0,0.0
SARC_UPS,110,HORMAD1,HORMAD1,2,1.82,0,0.0,0,0.0,0,0.0
SARC_UPS,110,MAGEA2,MAGEA2,2,1.82,1,0.91,0,0.0,0,0.0
SARC_UPS,110,MAGEB2,MAGEB2,2,1.82,1,0.91,1,0.91,0,0.0
SARC_UPS,110,MAGEC2,MAGEC2,2,1.82,2,1.82,0,0.0,0,0.0
SARC_UPS,110,PAGE1,PAGE1,2,1.82,2,1.82,1,0.91,0,0.0
SARC_UPS,110,PSG1,PSG1,2,1.82,2,1.82,1,0.91,1,0.91
SARC_UPS,110,PSG11,PSG11,2,1.82,1,0.91,0,0.0,0,0.0
SARC_UPS,110,SPACA3,SPACA3,2,1.82,1,0.91,0,0.0,0,0.0
SARC_UPS,110,TUBA3C,TUBA3C,2,1.82,0,0.0,0,0.0,0,0.0
SARC_UPS,110,ACTL8,ACTL8,1,0.91,0,0.0,0,0.0,0,0.0
SARC_UPS,110,DAZ3,DAZ3,1,0.91,1,0.91,0,0.0,0,0.0
SARC_UPS,110,DMRT1,DMRT1,1,0.91,1,0.91,0,0.0,0,0.0
SARC_UPS,110,FATE1,FATE1,1,0.91,0,0.0,0,0.0,0,0.0
SARC_UPS,110,PHF7,PHF7,1,0.91,0,0.0,0,0.0,0,0.0
SARC_UPS,110,SAGE1,SAGE1,1,0.91,0,0.0,0,0.0,0,0.0
SARC_UPS,110,SSX4,SSX4,1,0.91,1,0.91,0,0.0,0,0.0
SARC_UPS,110,SYCE2,SYCE2,1,0.91,0,0.0,0,0.0,0,0.0
SARC_UPS,110,VCY,VCY,1,0.91,1,0.91,1,0.91,1,0.91
SKCM,469,PRAME,PRAME,438,93.39,417,88.91,390,83.16,308,65.67
SKCM,469,MAGEA3,MAGEA3,263,56.08,232,49.47,151,32.2,25,5.33
SKCM,469,MAGEA12,MAGEA12,183,39.02,58,12.37,1,0.21,0,0.0
SKCM,469,XAGE1,XAGE1,151,32.2,142,30.28,127,27.08,95,20.26
SKCM,469,MAGEC2,MAGEC2,128,27.29,104,22.17,68,14.5,14,2.99
SKCM,469,PAGE5,PAGE5,108,23.03,100,21.32,83,17.7,56,11.94
SKCM,469,MAGEA2,MAGEA2,105,22.39,9,1.92,1,0.21,0,0.0
SKCM,469,GAGE1,GAGE1,88,18.76,73,15.57,60,12.79,45,9.59
SKCM,469,MAGEC1,MAGEC1,77,16.42,38,8.1,4,0.85,0,0.0
SKCM,469,MAGEA4,MAGEA4,71,15.14,62,13.22,48,10.23,32,6.82
SKCM,469,NY-ESO-1,NY-ESO-1,64,13.65,53,11.3,47,10.02,33,7.04
SKCM,469,MAGEA1,MAGEA1,63,13.43,21,4.48,0,0.0,0,0.0
SKCM,469,MAGEA10,MAGEA10,52,11.09,20,4.26,0,0.0,0,0.0
SKCM,469,MAGEB2,MAGEB2,52,11.09,28,5.97,7,1.49,0,0.0
SKCM,469,PAGE2,PAGE2,48,10.23,44,9.38,37,7.89,29,6.18
SKCM,469,PRDM7,PRDM7,42,8.96,18,3.84,2,0.43,0,0.0
SKCM,469,SSX2,SSX2,36,7.68,12,2.56,6,1.28,2,0.43
SKCM,469,VCX,VCX,36,7.68,29,6.18,18,3.84,10,2.13
SKCM,469,SSX1,SSX1,35,7.46,15,3.2,3,0.64,0,0.0
SKCM,469,MAGEA9,MAGEA9,25,5.33,15,3.2,5,1.07,0,0.0
SKCM,469,PAGE1,PAGE1,22,4.69,19,4.05,14,2.99,9,1.92
SKCM,469,VCX3B,VCX3B,19,4.05,12,2.56,5,1.07,3,0.64
SKCM,469,TKTL1,TKTL1,18,3.84,9,1.92,6,1.28,4,0.85
SKCM,469,TEKT5,TEKT5,17,3.62,8,1.71,5,1.07,1,0.21
SKCM,469,DPEP3,DPEP3,16,3.41,11,2.35,7,1.49,4,0.85
SKCM,469,TSPY1,TSPY1,16,3.41,11,2.35,5,1.07,5,1.07
SKCM,469,TUBA3C,TUBA3C,16,3.41,6,1.28,2,0.43,0,0.0
SKCM,469,VCY,VCY,16,3.41,11,2.35,9,1.92,8,1.71
SKCM,469,CT45A1,CT45A1,14,2.99,10,2.13,0,0.0,0,0.0
SKCM,469,HORMAD1,HORMAD1,14,2.99,3,0.64,0,0.0,0,0.0
SKCM,469,CT55,CT55,11,2.35,0,0.0,0,0.0,0,0.0
SKCM,469,XAGE3,XAGE3,11,2.35,6,1.28,1,0.21,0,0.0
SKCM,469,CTCFL,CTCFL,10,2.13,4,0.85,0,0.0,0,0.0
SKCM,469,PASD1,PASD1,9,1.92,0,0.0,0,0.0,0,0.0
SKCM,469,DAZ1,DAZ1,7,1.49,1,0.21,0,0.0,0,0.0
SKCM,469,MAGEB1,MAGEB1,7,1.49,1,0.21,0,0.0,0,0.0
SKCM,469,COX7B2,COX7B2,5,1.07,1,0.21,0,0.0,0,0.0
SKCM,469,CXorf49,CXorf49,5,1.07,2,0.43,0,0.0,0,0.0
SKCM,469,ACTL8,ACTL8,4,0.85,2,0.43,2,0.43,0,0.0
SKCM,469,LUZP4,LUZP4,4,0.85,3,0.64,1,0.21,0,0.0
SKCM,469,SPANXA1,SPANXA1,4,0.85,4,0.85,3,0.64,2,0.43
SKCM,469,NAA11,NAA11,3,0.64,0,0.0,0,0.0,0,0.0
SKCM,469,SPANXB1,SPANXB1,3,0.64,3,0.64,2,0.43,2,0.43
SKCM,469,SSX5,SSX5,3,0.64,0,0.0,0,0.0,0,0.0
SKCM,469,TRIML2,TRIML2,3,0.64,3,0.64,2,0.43,1,0.21
SKCM,469,FBXO39,FBXO39,2,0.43,1,0.21,0,0.0,0,0.0
SKCM,469,MAGEA8,MAGEA8,2,0.43,0,0.0,0,0.0,0,0.0
SKCM,469,MAGEB16,MAGEB16,2,0.43,1,0.21,0,0.0,0,0.0
SKCM,469,PSG5,PSG5,2,0.43,2,0.43,1,0.21,0,0.0
SKCM,469,SSX4,SSX4,2,0.43,0,0.0,0,0.0,0,0.0
SKCM,469,WDR64,WDR64,2,0.43,1,0.21,0,0.0,0,0.0
SKCM,469,XAGE2,XAGE2,2,0.43,1,0.21,0,0.0,0,0.0
SKCM,469,XAGE5,XAGE5,2,0.43,0,0.0,0,0.0,0,0.0
SKCM,469,CT83,CT83,1,0.21,0,0.0,0,0.0,0,0.0
SKCM,469,DKKL1,DKKL1,1,0.21,0,0.0,0,0.0,0,0.0
SKCM,469,FMR1NB,FMR1NB,1,0.21,1,0.21,1,0.21,0,0.0
SKCM,469,PSG9,PSG9,1,0.21,0,0.0,0,0.0,0,0.0
SKCM,469,RBMY1A1,RBMY1A1,1,0.21,1,0.21,0,0.0,0,0.0
SKCM,469,SPACA3,SPACA3,1,0.21,1,0.21,0,0.0,0,0.0
SKCM,469,SPANXN4,SPANXN4,1,0.21,0,0.0,0,0.0,0,0.0
SKCM,469,SPATA22,SPATA22,1,0.21,0,0.0,0,0.0,0,0.0
STAD,414,MAGEA3,MAGEA3,112,27.05,88,21.26,43,10.39,6,1.45
STAD,414,DAZ1,DAZ1,60,14.49,39,9.42,14,3.38,5,1.21
STAD,414,CT83,CT83,52,12.56,8,1.93,0,0.0,0,0.0
STAD,414,MAGEA12,MAGEA12,36,8.7,5,1.21,0,0.0,0,0.0
STAD,414,MAGEA4,MAGEA4,36,8.7,31,7.49,25,6.04,10,2.42
STAD,414,YBX2,YBX2,34,8.21,4,0.97,1,0.24,0,0.0
STAD,414,PRAME,PRAME,30,7.25,17,4.11,4,0.97,0,0.0
STAD,414,GAGE1,GAGE1,27,6.52,23,5.56,16,3.86,13,3.14
STAD,414,MAGEA9,MAGEA9,23,5.56,5,1.21,0,0.0,0,0.0
STAD,414,MAGEA2,MAGEA2,21,5.07,3,0.72,0,0.0,0,0.0
STAD,414,NY-ESO-1,NY-ESO-1,20,4.83,15,3.62,9,2.17,4,0.97
STAD,414,TKTL1,TKTL1,20,4.83,8,1.93,3,0.72,0,0.0
STAD,414,ACTL8,ACTL8,16,3.86,11,2.66,4,0.97,0,0.0
STAD,414,MAGEA1,MAGEA1,16,3.86,2,0.48,0,0.0,0,0.0
STAD,414,PAGE2,PAGE2,15,3.62,14,3.38,12,2.9,6,1.45
STAD,414,MAGEC2,MAGEC2,14,3.38,7,1.69,3,0.72,0,0.0
STAD,414,CXorf49,CXorf49,10,2.42,5,1.21,1,0.24,0,0.0
STAD,414,CT45A1,CT45A1,9,2.17,0,0.0,0,0.0,0,0.0
STAD,414,MAGEB2,MAGEB2,9,2.17,3,0.72,0,0.0,0,0.0
STAD,414,VCX,VCX,9,2.17,7,1.69,6,1.45,4,0.97
STAD,414,XAGE1,XAGE1,9,2.17,9,2.17,9,2.17,7,1.69
STAD,414,PAGE5,PAGE5,8,1.93,6,1.45,5,1.21,2,0.48
STAD,414,SSX1,SSX1,8,1.93,4,0.97,2,0.48,0,0.0
STAD,414,TUBA3C,TUBA3C,8,1.93,6,1.45,2,0.48,0,0.0
STAD,414,MAGEC1,MAGEC1,7,1.69,3,0.72,0,0.0,0,0.0
STAD,414,SSX2,SSX2,7,1.69,4,0.97,1,0.24,0,0.0
STAD,414,COX7B2,COX7B2,6,1.45,1,0.24,0,0.0,0,0.0
STAD,414,MAGEA10,MAGEA10,6,1.45,0,0.0,0,0.0,0,0.0
STAD,414,PAGE1,PAGE1,6,1.45,2,0.48,2,0.48,1,0.24
STAD,414,CGB8,CGB8,5,1.21,2,0.48,2,0.48,1,0.24
STAD,414,CTCFL,CTCFL,5,1.21,1,0.24,0,0.0,0,0.0
STAD,414,PIWIL1,PIWIL1,5,1.21,1,0.24,0,0.0,0,0.0
STAD,414,VCX3B,VCX3B,5,1.21,5,1.21,3,0.72,0,0.0
STAD,414,SSX4,SSX4,4,0.97,2,0.48,1,0.24,0,0.0
STAD,414,DAZ3,DAZ3,3,0.72,1,0.24,0,0.0,0,0.0
STAD,414,DPEP3,DPEP3,3,0.72,3,0.72,1,0.24,0,0.0
STAD,414,TSPY1,TSPY1,3,0.72,2,0.48,2,0.48,1,0.24
STAD,414,DCAF4L2,DCAF4L2,2,0.48,0,0.0,0,0.0,0,0.0
STAD,414,MAGEA8,MAGEA8,2,0.48,1,0.24,0,0.0,0,0.0
STAD,414,TEX19,TEX19,2,0.48,1,0.24,0,0.0,0,0.0
STAD,414,XAGE2,XAGE2,2,0.48,2,0.48,0,0.0,0,0.0
STAD,414,BRDT,BRDT,1,0.24,0,0.0,0,0.0,0,0.0
STAD,414,CSH2,CSH2,1,0.24,0,0.0,0,0.0,0,0.0
STAD,414,DAZL,DAZL,1,0.24,0,0.0,0,0.0,0,0.0
STAD,414,DMRTB1,DMRTB1,1,0.24,1,0.24,1,0.24,0,0.0
STAD,414,DPPA5,DPPA5,1,0.24,0,0.0,0,0.0,0,0.0
STAD,414,EGFL6,EGFL6,1,0.24,1,0.24,1,0.24,0,0.0
STAD,414,FMR1NB,FMR1NB,1,0.24,0,0.0,0,0.0,0,0.0
STAD,414,HORMAD1,HORMAD1,1,0.24,0,0.0,0,0.0,0,0.0
STAD,414,MAGEB1,MAGEB1,1,0.24,0,0.0,0,0.0,0,0.0
STAD,414,OOEP,OOEP,1,0.24,0,0.0,0,0.0,0,0.0
STAD,414,PLAC1,PLAC1,1,0.24,0,0.0,0,0.0,0,0.0
STAD,414,PSG5,PSG5,1,0.24,1,0.24,0,0.0,0,0.0
STAD,414,SAGE1,SAGE1,1,0.24,0,0.0,0,0.0,0,0.0
STAD,414,SPANXB1,SPANXB1,1,0.24,1,0.24,0,0.0,0,0.0
STAD,414,TRIML2,TRIML2,1,0.24,0,0.0,0,0.0,0,0.0
STAD,414,VCY,VCY,1,0.24,1,0.24,1,0.24,0,0.0
TGCT,154,DPPA5,DPPA5,119,77.27,116,75.32,107,69.48,87,56.49
TGCT,154,TRIML2,TRIML2,116,75.32,78,50.65,19,12.34,1,0.65
TGCT,154,UTF1,UTF1,106,68.83,73,47.4,21,13.64,2,1.3
TGCT,154,SYCP3,SYCP3,86,55.84,33,21.43,2,1.3,0,0.0
TGCT,154,PRAME,PRAME,76,49.35,68,44.16,49,31.82,26,16.88
TGCT,154,OOEP,OOEP,70,45.45,35,22.73,9,5.84,0,0.0
TGCT,154,MAGEB2,MAGEB2,62,40.26,40,25.97,16,10.39,1,0.65
TGCT,154,XAGE1,XAGE1,58,37.66,41,26.62,24,15.58,14,9.09
TGCT,154,TSPY1,TSPY1,50,32.47,42,27.27,37,24.03,32,20.78
TGCT,154,DPPA2,DPPA2,48,31.17,38,24.68,24,15.58,5,3.25
TGCT,154,DCAF4L2,DCAF4L2,45,29.22,29,18.83,7,4.55,0,0.0
TGCT,154,TKTL1,TKTL1,36,23.38,31,20.13,27,17.53,21,13.64
TGCT,154,DAZL,DAZL,34,22.08,23,14.94,7,4.55,0,0.0
TGCT,154,LUZP4,LUZP4,33,21.43,15,9.74,0,0.0,0,0.0
TGCT,154,CGB8,CGB8,25,16.23,14,9.09,10,6.49,9,5.84
TGCT,154,PIWIL1,PIWIL1,24,15.58,7,4.55,0,0.0,0,0.0
TGCT,154,DMRT1,DMRT1,21,13.64,0,0.0,0,0.0,0,0.0
TGCT,154,HORMAD1,HORMAD1,21,13.64,4,2.6,0,0.0,0,0.0
TGCT,154,DCAF4L1,DCAF4L1,19,12.34,9,5.84,0,0.0,0,0.0
TGCT,154,LIN28B,LIN28B,19,12.34,8,5.19,0,0.0,0,0.0
TGCT,154,MAGEB1,MAGEB1,18,11.69,0,0.0,0,0.0,0,0.0
TGCT,154,PAGE5,PAGE5,17,11.04,10,6.49,5,3.25,3,1.95
TGCT,154,MAGEA4,MAGEA4,16,10.39,9,5.84,6,3.9,4,2.6
TGCT,154,BRDT,BRDT,13,8.44,1,0.65,0,0.0,0,0.0
TGCT,154,FATE1,FATE1,13,8.44,6,3.9,2,1.3,0,0.0
TGCT,154,GAGE1,GAGE1,12,7.79,7,4.55,4,2.6,3,1.95
TGCT,154,MAGEC2,MAGEC2,11,7.14,1,0.65,0,0.0,0,0.0
TGCT,154,PAGE2,PAGE2,11,7.14,3,1.95,1,0.65,0,0.0
TGCT,154,YBX2,YBX2,11,7.14,3,1.95,0,0.0,0,0.0
TGCT,154,EGFL6,EGFL6,9,5.84,2,1.3,1,0.65,0,0.0
TGCT,154,MAGEA3,MAGEA3,8,5.19,6,3.9,3,1.95,1,0.65
TGCT,154,PRM1,PRM1,8,5.19,4,2.6,3,1.95,1,0.65
TGCT,154,VCX,VCX,8,5.19,3,1.95,2,1.3,1,0.65
TGCT,154,PRM2,PRM2,7,4.55,4,2.6,3,1.95,1,0.65
TGCT,154,PHF7,PHF7,6,3.9,2,1.3,1,0.65,1,0.65
TGCT,154,VCY,VCY,6,3.9,2,1.3,0,0.0,0,0.0
TGCT,154,MEIOB,MEIOB,5,3.25,0,0.0,0,0.0,0,0.0
TGCT,154,SSX2,SSX2,5,3.25,0,0.0,0,0.0,0,0.0
TGCT,154,DPEP3,DPEP3,4,2.6,1,0.65,0,0.0,0,0.0
TGCT,154,MAGEA2,MAGEA2,4,2.6,1,0.65,0,0.0,0,0.0
TGCT,154,SPATA22,SPATA22,4,2.6,0,0.0,0,0.0,0,0.0
TGCT,154,MAGEA12,MAGEA12,3,1.95,1,0.65,0,0.0,0,0.0
TGCT,154,MAGEA8,MAGEA8,3,1.95,3,1.95,0,0.0,0,0.0
TGCT,154,NY-ESO-1,NY-ESO-1,3,1.95,2,1.3,1,0.65,1,0.65
TGCT,154,ANKRD7,ANKRD7,2,1.3,1,0.65,1,0.65,0,0.0
TGCT,154,CSH2,CSH2,2,1.3,1,0.65,1,0.65,0,0.0
TGCT,154,GOLGA6A,GOLGA6A,2,1.3,0,0.0,0,0.0,0,0.0
TGCT,154,TUBA3C,TUBA3C,2,1.3,2,1.3,2,1.3,0,0.0
TGCT,154,VCX3B,VCX3B,2,1.3,1,0.65,1,0.65,1,0.65
TGCT,154,ACTL7A,ACTL7A,1,0.65,0,0.0,0,0.0,0,0.0
TGCT,154,CCDC42,CCDC42,1,0.65,0,0.0,0,0.0,0,0.0
TGCT,154,COX7B2,COX7B2,1,0.65,0,0.0,0,0.0,0,0.0
TGCT,154,CRISP2,CRISP2,1,0.65,1,0.65,0,0.0,0,0.0
TGCT,154,CT45A1,CT45A1,1,0.65,0,0.0,0,0.0,0,0.0
TGCT,154,DDX4,DDX4,1,0.65,0,0.0,0,0.0,0,0.0
TGCT,154,DKKL1,DKKL1,1,0.65,1,0.65,0,0.0,0,0.0
TGCT,154,HMGB4,HMGB4,1,0.65,1,0.65,1,0.65,0,0.0
TGCT,154,LDHC,LDHC,1,0.65,1,0.65,0,0.0,0,0.0
TGCT,154,MAGEA1,MAGEA1,1,0.65,1,0.65,0,0.0,0,0.0
TGCT,154,MAGEA10,MAGEA10,1,0.65,0,0.0,0,0.0,0,0.0
TGCT,154,MAGEA9,MAGEA9,1,0.65,1,0.65,1,0.65,0,0.0
TGCT,154,MAGEC1,MAGEC1,1,0.65,0,0.0,0,0.0,0,0.0
TGCT,154,ODF1,ODF1,1,0.65,0,0.0,0,0.0,0,0.0
TGCT,154,PASD1,PASD1,1,0.65,0,0.0,0,0.0,0,0.0
TGCT,154,RBMXL2,RBMXL2,1,0.65,0,0.0,0,0.0,0,0.0
TGCT,154,TEX38,TEX38,1,0.65,0,0.0,0,0.0,0,0.0
TGCT,154,XAGE2,XAGE2,1,0.65,0,0.0,0,0.0,0,0.0
THCA,512,PIWIL1,PIWIL1,58,11.33,31,6.05,11,2.15,2,0.39
THCA,512,PSG1,PSG1,27,5.27,8,1.56,3,0.59,1,0.2
THCA,512,SSX1,SSX1,15,2.93,5,0.98,1,0.2,0,0.0
THCA,512,SSX2,SSX2,1,0.2,1,0.2,0,0.0,0,0.0
THCA,512,XAGE1,XAGE1,1,0.2,1,0.2,0,0.0,0,0.0
THYM,119,PRAME,PRAME,34,28.57,19,15.97,5,4.2,0,0.0
THYM,119,TFDP3,TFDP3,17,14.29,5,4.2,0,0.0,0,0.0
THYM,119,EGFL6,EGFL6,11,9.24,6,5.04,1,0.84,1,0.84
THYM,119,CXorf49,CXorf49,4,3.36,1,0.84,1,0.84,1,0.84
THYM,119,MAGEA4,MAGEA4,4,3.36,2,1.68,0,0.0,0,0.0
THYM,119,FATE1,FATE1,2,1.68,1,0.84,0,0.0,0,0.0
THYM,119,CT45A1,CT45A1,1,0.84,0,0.0,0,0.0,0,0.0
THYM,119,GAGE1,GAGE1,1,0.84,1,0.84,1,0.84,0,0.0
THYM,119,MAGEA1,MAGEA1,1,0.84,0,0.0,0,0.0,0,0.0
THYM,119,MAGEA10,MAGEA10,1,0.84,0,0.0,0,0.0,0,0.0
THYM,119,MAGEA9,MAGEA9,1,0.84,1,0.84,0,0.0,0,0.0
THYM,119,MEIOB,MEIOB,1,0.84,1,0.84,0,0.0,0,0.0
THYM,119,TEX101,TEX101,1,0.84,0,0.0,0,0.0,0,0.0
UCEC,181,PRAME,PRAME,169,93.37,141,77.9,105,58.01,45,24.86
UCEC,181,EGFL6,EGFL6,19,10.5,6,3.31,2,1.1,0,0.0
UCEC,181,GAGE1,GAGE1,15,8.29,9,4.97,8,4.42,6,3.31
UCEC,181,MAGEA9,MAGEA9,14,7.73,8,4.42,1,0.55,0,0.0
UCEC,181,YBX2,YBX2,13,7.18,3,1.66,1,0.55,0,0.0
UCEC,181,PAGE2,PAGE2,12,6.63,10,5.52,7,3.87,4,2.21
UCEC,181,MAGEA3,MAGEA3,11,6.08,7,3.87,4,2.21,2,1.1
UCEC,181,MAGEA4,MAGEA4,10,5.52,6,3.31,4,2.21,2,1.1
UCEC,181,XAGE1,XAGE1,9,4.97,9,4.97,7,3.87,5,2.76
UCEC,181,XAGE2,XAGE2,9,4.97,2,1.1,0,0.0,0,0.0
UCEC,181,CTCFL,CTCFL,8,4.42,3,1.66,1,0.55,0,0.0
UCEC,181,NY-ESO-1,NY-ESO-1,8,4.42,8,4.42,6,3.31,4,2.21
UCEC,181,CT45A1,CT45A1,7,3.87,2,1.1,0,0.0,0,0.0
UCEC,181,MAGEA1,MAGEA1,7,3.87,1,0.55,0,0.0,0,0.0
UCEC,181,TKTL1,TKTL1,7,3.87,4,2.21,3,1.66,3,1.66
UCEC,181,ACTL8,ACTL8,6,3.31,3,1.66,0,0.0,0,0.0
UCEC,181,CATSPERD,CATSPERD,5,2.76,2,1.1,1,0.55,0,0.0
UCEC,181,MAGEA8,MAGEA8,4,2.21,3,1.66,0,0.0,0,0.0
UCEC,181,COX7B2,COX7B2,3,1.66,0,0.0,0,0.0,0,0.0
UCEC,181,CXorf49,CXorf49,3,1.66,1,0.55,0,0.0,0,0.0
UCEC,181,LRRC36,LRRC36,3,1.66,0,0.0,0,0.0,0,0.0
UCEC,181,MAGEA2,MAGEA2,3,1.66,1,0.55,0,0.0,0,0.0
UCEC,181,PAGE5,PAGE5,3,1.66,2,1.1,2,1.1,0,0.0
UCEC,181,DPPA2,DPPA2,2,1.1,1,0.55,0,0.0,0,0.0
UCEC,181,MAGEA10,MAGEA10,2,1.1,0,0.0,0,0.0,0,0.0
UCEC,181,MAGEA12,MAGEA12,2,1.1,0,0.0,0,0.0,0,0.0
UCEC,181,MAGEB2,MAGEB2,2,1.1,1,0.55,0,0.0,0,0.0
UCEC,181,PASD1,PASD1,2,1.1,0,0.0,0,0.0,0,0.0
UCEC,181,PLAC1,PLAC1,2,1.1,0,0.0,0,0.0,0,0.0
UCEC,181,SSX2,SSX2,2,1.1,2,1.1,1,0.55,0,0.0
UCEC,181,SSX4,SSX4,2,1.1,1,0.55,0,0.0,0,0.0
UCEC,181,VCX,VCX,2,1.1,2,1.1,2,1.1,2,1.1
UCEC,181,XAGE3,XAGE3,2,1.1,1,0.55,1,0.55,1,0.55
UCEC,181,CRISP2,CRISP2,1,0.55,0,0.0,0,0.0,0,0.0
UCEC,181,DPEP3,DPEP3,1,0.55,1,0.55,1,0.55,0,0.0
UCEC,181,FTHL17,FTHL17,1,0.55,0,0.0,0,0.0,0,0.0
UCEC,181,MAGEC1,MAGEC1,1,0.55,0,0.0,0,0.0,0,0.0
UCEC,181,MAGEC2,MAGEC2,1,0.55,1,0.55,1,0.55,0,0.0
UCEC,181,PSG9,PSG9,1,0.55,1,0.55,1,0.55,0,0.0
UCEC,181,SYCE2,SYCE2,1,0.55,0,0.0,0,0.0,0,0.0
UCEC,181,TUBA3C,TUBA3C,1,0.55,0,0.0,0,0.0,0,0.0
UCEC,181,VCX3B,VCX3B,1,0.55,0,0.0,0,0.0,0,0.0
UCS,57,PRAME,PRAME,53,92.98,50,87.72,43,75.44,15,26.32
UCS,57,EGFL6,EGFL6,16,28.07,10,17.54,6,10.53,1,1.75
UCS,57,MAGEA9,MAGEA9,15,26.32,2,3.51,0,0.0,0,0.0
UCS,57,GAGE1,GAGE1,11,19.3,10,17.54,9,15.79,6,10.53
UCS,57,PAGE2,PAGE2,9,15.79,8,14.04,7,12.28,6,10.53
UCS,57,XAGE1,XAGE1,8,14.04,8,14.04,8,14.04,5,8.77
UCS,57,MAGEA4,MAGEA4,7,12.28,5,8.77,4,7.02,0,0.0
UCS,57,CTCFL,CTCFL,6,10.53,3,5.26,2,3.51,0,0.0
UCS,57,MAGEB2,MAGEB2,6,10.53,5,8.77,3,5.26,1,1.75
UCS,57,NY-ESO-1,NY-ESO-1,5,8.77,3,5.26,3,5.26,1,1.75
UCS,57,YBX2,YBX2,5,8.77,0,0.0,0,0.0,0,0.0
UCS,57,MAGEA3,MAGEA3,4,7.02,3,5.26,3,5.26,1,1.75
UCS,57,MAGEB1,MAGEB1,4,7.02,3,5.26,0,0.0,0,0.0
UCS,57,ACTL8,ACTL8,3,5.26,1,1.75,0,0.0,0,0.0
UCS,57,CT45A1,CT45A1,3,5.26,0,0.0,0,0.0,0,0.0
UCS,57,PAGE5,PAGE5,3,5.26,3,5.26,3,5.26,3,5.26
UCS,57,PLAC1,PLAC1,3,5.26,1,1.75,0,0.0,0,0.0
UCS,57,SSX2,SSX2,3,5.26,3,5.26,1,1.75,0,0.0
UCS,57,TKTL1,TKTL1,3,5.26,3,5.26,1,1.75,0,0.0
UCS,57,CXorf49,CXorf49,2,3.51,0,0.0,0,0.0,0,0.0
UCS,57,DKKL1,DKKL1,2,3.51,1,1.75,0,0.0,0,0.0
UCS,57,DPEP3,DPEP3,2,3.51,1,1.75,0,0.0,0,0.0
UCS,57,MAGEA1,MAGEA1,2,3.51,0,0.0,0,0.0,0,0.0
UCS,57,MAGEA12,MAGEA12,2,3.51,1,1.75,0,0.0,0,0.0
UCS,57,MAGEC1,MAGEC1,2,3.51,0,0.0,0,0.0,0,0.0
UCS,57,MAGEC2,MAGEC2,2,3.51,2,3.51,2,3.51,0,0.0
UCS,57,VCX,VCX,2,3.51,2,3.51,1,1.75,1,1.75
UCS,57,VCX3B,VCX3B,2,3.51,1,1.75,1,1.75,1,1.75
UCS,57,CGB8,CGB8,1,1.75,0,0.0,0,0.0,0,0.0
UCS,57,CT83,CT83,1,1.75,0,0.0,0,0.0,0,0.0
UCS,57,FATE1,FATE1,1,1.75,0,0.0,0,0.0,0,0.0
UCS,57,LIN28B,LIN28B,1,1.75,1,1.75,0,0.0,0,0.0
UCS,57,MAGEA10,MAGEA10,1,1.75,0,0.0,0,0.0,0,0.0
UCS,57,MAGEA2,MAGEA2,1,1.75,0,0.0,0,0.0,0,0.0
UCS,57,MEIOB,MEIOB,1,1.75,0,0.0,0,0.0,0,0.0
UCS,57,PAGE1,PAGE1,1,1.75,1,1.75,0,0.0,0,0.0
UCS,57,PASD1,PASD1,1,1.75,0,0.0,0,0.0,0,0.0
UCS,57,SSX4,SSX4,1,1.75,1,1.75,0,0.0,0,0.0
UCS,57,VCY,VCY,1,1.75,0,0.0,0,0.0,0,0.0
UCS,57,XAGE2,XAGE2,1,1.75,1,1.75,0,0.0,0,0.0
UCS,57,XAGE3,XAGE3,1,1.75,1,1.75,1,1.75,0,0.0
UVM,79,PRAME,PRAME,31,39.24,27,34.18,20,25.32,11,13.92
UVM,79,SSX4,SSX4,3,3.8,0,0.0,0,0.0,0,0.0
UVM,79,SSX1,SSX1,2,2.53,1,1.27,0,0.0,0,0.0
UVM,79,SSX5,SSX5,2,2.53,2,2.53,1,1.27,0,0.0
UVM,79,C20orf141,C20orf141,1,1.27,0,0.0,0,0.0,0,0.0
UVM,79,XAGE2,XAGE2,1,1.27,0,0.0,0,0.0,0,0.0
