,,,,,,,,
NCT_Number,Tumor_Site,Disease_Setting,Drug,Symbols,bispecific,class_payload,Phase,notes
NCT04202705,Multiple_solid,Advanced/Metastatic,SYD1875,TPBG,0,Duocarmycin,1,
NCT05060276,Multiple_solid,Advanced/Metastatic,STI-3258,TACSTD2,0,Camptothecin,1,
NCT04610528,Breast,Neoadjuvant,Patritumab_deruxtecan,ERBB3,0,Camptothecin,1,
NCT04982224,Lung,Advanced/Metastatic,REGN5093-M114,MET,1,Maytansinoid,2,
NCT02277717,Multiple_solid,Advanced/Metastatic,SYD985,ERBB2,0,Duocarmycin,1,
NCT03748186,Multiple_solid,Advanced/Metastatic,Luveltamab_tazevibulin,FOLR1,0,Hemiasterlin_analogue,1,
NCT04132960,Breast,Advanced/Metastatic,Trastuzumab_deruxtecan,ERBB2,0,Camptothecin,2,
NCT05200364,Multiple_solid,Advanced/Metastatic,Luveltamab_tazevibulin,FOLR1,0,Hemiasterlin_analogue,1,
NCT03729596,Multiple_solid,Advanced/Metastatic,Vobramitamab_duocarmazine,CD276,0,Duocarmycin,2,
NCT04983121,Breast,Neoadjuvant,ARX788,ERBB2,0,Auristatin_derivative,2,
NCT02565758,Multiple_solid,Advanced/Metastatic,Samrotamab_vedotin,LRRC15,0,Auristatin_derivative,1,
NCT02839681,Lung,Advanced/Metastatic,Anetumab_ravtansine,MSLN,0,Maytansinoid,2,
NCT04300556,Multiple_solid,Advanced/Metastatic,Farletuzumab_ecteribulin,FOLR1,0,Eribulin,2,
NCT04622774,Multiple_solid,Advanced/Metastatic,IMGC936,ADAM9,0,Maytansinoid,2,
NCT04695847,Multiple_solid,Advanced/Metastatic,M1231,EGFR;MUC1,1,Hemiasterlin_analogue,1,
NCT04235101,Multiple_solid,Advanced/Metastatic,SYD985,ERBB2,0,Duocarmycin,1,
NCT02368951,Multiple_solid,Advanced/Metastatic,Aprutumab_ixadotin,FGFR2,0,Auristatin_derivative,1,
NCT01439152,Multiple_solid,Advanced/Metastatic,Anetumab_ravtansine,MSLN,0,Maytansinoid,1,
NCT04441099,Multiple_solid,Advanced/Metastatic,NBE-002,ROR1,0,Anthracycline,2,
NCT02487979,Sarcoma,Advanced/Metastatic,Glembatumumab_vedotin,GPNMB,0,Auristatin_derivative,2,
NCT03255070,Multiple_solid,Advanced/Metastatic,ARX788,ERBB2,0,Auristatin_derivative,1,
NCT05115500,Multiple_solid,Advanced/Metastatic,Disitamab_vedotin,ERBB2,0,Auristatin_derivative,2,
NCT01414283,Prostate,Advanced/Metastatic,PSMA_ADC_1301,FOLH1,0,Auristatin_derivative,1,
NCT04039230,Breast,Advanced/Metastatic,Sacituzumab_govitecan,TACSTD2,0,Camptothecin,2,
NCT01414296,Prostate,Advanced/Metastatic,PSMA_ADC_1301,FOLH1,0,Auristatin_derivative,1,
NCT01915472,Colon/Rectum,Advanced/Metastatic,Labetuzumab_govitecan,CEACAM5,0,Camptothecin,2,
NCT01605318,Colon/Rectum,Advanced/Metastatic,Labetuzumab_govitecan,CEACAM5,0,Camptothecin,2,
NCT04064359,Multiple_solid,Advanced/Metastatic,MEN1309/OBT076,LY75,0,Maytansinoid,1,
NCT04450732,Multiple_solid,Advanced/Metastatic,GQ1001,ERBB2,0,Maytansinoid,1,
NCT04829604,Breast,Advanced/Metastatic,ARX788,ERBB2,0,Auristatin_derivative,2,
NCT03316638,Multiple_solid,Advanced/Metastatic,Lonigutamab_ugodotin,IGF1R,0,Auristatin_derivative,2,
NCT04602117,Multiple_solid,Advanced/Metastatic,SYD985,ERBB2,0,Duocarmycin,1,
NCT03859752,Multiple_solid,Advanced/Metastatic,TR1801-ADC,MET,0,Pyrrolobenzodiazepine,1,
NCT05174637,Multiple_solid,Advanced/Metastatic,FDA018-ADC,TACSTD2,0,Undisclosed,1,
NCT02134197,Multiple_solid,Advanced/Metastatic,Lupartumab_amadotin,LYPD3,0,Auristatin_derivative,1,
NCT03734029,Breast,Advanced/Metastatic,Trastuzumab_deruxtecan,ERBB2,0,Camptothecin,3,
NCT04146610,Multiple_solid,Advanced/Metastatic,DP303c,ERBB2,0,Auristatin_derivative,1,
NCT02952729,Multiple_solid,Advanced/Metastatic,XMT-1522,ERBB2,0,Auristatin_derivative,1,
NCT04189614,Lung,Advanced/Metastatic,Cofetuzumab_pelidotin,PTK7,0,Auristatin_derivative,1,
NCT01497821,Kidney,Advanced/Metastatic,AMG172,CD70,0,Maytansinoid,1,
NCT05123482,Multiple_solid,Advanced/Metastatic,AZD8205,VTCN1,0,Camptothecin,2,
NCT04965766,Breast,Advanced/Metastatic,Patritumab_deruxtecan,ERBB3,0,Camptothecin,2,
NCT04940325,Lung,Advanced/Metastatic,Datopotamab_deruxtecan,TACSTD2,0,Camptothecin,2,
NCT04264936,Urothelium,Advanced/Metastatic,Disitamab_vedotin,ERBB2,0,Auristatin_derivative,2,
NCT01631552,Multiple_solid,Advanced/Metastatic,Sacituzumab_govitecan,TACSTD2,0,Camptothecin,2,
NCT02302339,Melanoma,Advanced/Metastatic,Glembatumumab_vedotin,GPNMB,0,Auristatin_derivative,2,
NCT04410224,Multiple_solid,Advanced/Metastatic,ASN004,TPBG,0,Auristatin_derivative,1,
NCT00031187,Prostate,Advanced/Metastatic,SGN-15,FUT2,0,Anthracycline,2,
NCT00051584,Ovary,Advanced/Metastatic,SGN-15,FUT2,0,Anthracycline,2,
NCT03281824,Breast,Advanced/Metastatic,ALT-P7,ERBB2,0,Auristatin_derivative,1,
NCT01270698,Colon/Rectum,Advanced/Metastatic,Labetuzumab_govitecan,CEACAM5,0,Camptothecin,1,
NCT03455556,Lung,Advanced/Metastatic,Anetumab_ravtansine,MSLN,0,Maytansinoid,1,
NCT03403725,Multiple_solid,Advanced/Metastatic,MEN1309/OBT076,LY75,0,Maytansinoid,1,
NCT02341625,Multiple_solid,Advanced/Metastatic,BMS-986148,MSLN,0,Tubulysin,2,
NCT04251416,Uterus,Advanced/Metastatic,Sacituzumab_govitecan,TACSTD2,0,Camptothecin,2,
NCT02099058,Multiple_solid,Advanced/Metastatic,Telisotuzumab_vedotin,MET,0,Auristatin_derivative,1,
NCT03449030,Multiple_solid,Advanced/Metastatic,TAK-164,GUCY2C,0,Indolobenzodiazepine,1,
NCT03248492,Breast,Advanced/Metastatic,Trastuzumab_deruxtecan,ERBB2,0,Camptothecin,2,
NCT02529553,Multiple_solid,Advanced/Metastatic,LY3076226,FGFR3,0,Maytansinoid,1,
NCT04724018,Urothelium,Advanced/Metastatic,Sacituzumab_govitecan+enfortumab_vedotin,TACSTD2;NECTIN4,0,Camptothecin;Auristatin_derivative,1,
NCT04595565,Breast,Adjuvant,Sacituzumab_govitecan,TACSTD2,0,Camptothecin,3,
NCT03473691,Breast,Adjuvant,Glembatumumab_vedotin,GPNMB,0,Auristatin_derivative,1,
NCT03023722,Pancreas,Advanced/Metastatic,Anetumab_ravtansine,MSLN,0,Maytansinoid,2,
NCT02988817,Multiple_solid,Advanced/Metastatic,Enopotamab_vedotin,AXL,0,Auristatin_derivative,2,
NCT02552121,Multiple_solid,Advanced/Metastatic,Tisotumab_vedotin,F3,0,Auristatin_derivative,2,
NCT01695044,Prostate,Advanced/Metastatic,PSMA-ADC,FOLH1,0,Auristatin_derivative,2,
NCT03262935,Breast,Advanced/Metastatic,SYD985,ERBB2,0,Duocarmycin,3,
NCT04042701,Multiple_solid,Advanced/Metastatic,Trastuzumab_deruxtecan,ERBB2,0,Camptothecin,1,
NCT03505710,Lung,Advanced/Metastatic,Trastuzumab_deruxtecan,ERBB2,0,Camptothecin,2,
NCT04205630,Uterus,Advanced/Metastatic,SYD985,ERBB2,0,Duocarmycin,2,
NCT02001623,Multiple_solid,Advanced/Metastatic,Tisotumab_vedotin,F3,0,Auristatin_derivative,2,
NCT02837991,Multiple_solid,Advanced/Metastatic,CDX-014,HAVCR1,0,Auristatin_derivative,1,
NCT03523572,Multiple_solid,Advanced/Metastatic,Trastuzumab_deruxtecan,ERBB2,0,Camptothecin,1,
NCT03523585,Breast,Advanced/Metastatic,Trastuzumab_deruxtecan,ERBB2,0,Camptothecin,3,
NCT03529110,Breast,Advanced/Metastatic,Trastuzumab_deruxtecan,ERBB2,0,Camptothecin,3,
NCT02020135,Prostate,Advanced/Metastatic,PSMA-ADC,FOLH1,0,Auristatin_derivative,2,
NCT01997333,Breast,Advanced/Metastatic,Glembatumumab_vedotin,GPNMB,0,Auristatin_derivative,2,
NCT02221505,Multiple_solid,Advanced/Metastatic,LOP628,KIT,0,Maytansinoid,1,
NCT04084366,Multiple_solid,Advanced/Metastatic,OBI-999,B3GALT5,0,Auristatin_derivative,2,
NCT02512237,Multiple_solid,Advanced/Metastatic,ARX788,ERBB2,0,Auristatin_derivative,1,
NCT02908451,Multiple_solid,Advanced/Metastatic,AbGn-107,TFRC,0,Maytansinoid,1,
NCT03368196,Multiple_solid,Advanced/Metastatic,Trastuzumab_deruxtecan,ERBB2,0,Camptothecin,1,
NCT04396340,Multiple_solid,Advanced/Metastatic,XMT-1592,SLC34A2,0,Auristatin_derivative,2,
NCT04699630,Breast,Advanced/Metastatic,Patritumab_deruxtecan,ERBB3,0,Camptothecin,2,
NCT04963153,Urothelium,Advanced/Metastatic,Enfortumab_vedotin,NECTIN4,0,Auristatin_derivative,1,
NCT01901653,Lung,Advanced/Metastatic,Rovalpituzumab_tesirine,DLL3,0,Pyrrolobenzodiazepine,2,
NCT04995419,Urothelium,Advanced/Metastatic,Enfortumab_vedotin,NECTIN4,0,Auristatin_derivative,2,
NCT01475006,Brain,Advanced/Metastatic,AMG-595,EGFR,0,Maytansinoid,1,
NCT05011188,Prostate,Advanced/Metastatic,FOR46,CD46,0,Auristatin_derivative,2,
NCT02674568,Lung,Advanced/Metastatic,Rovalpituzumab_tesirine,DLL3,0,Pyrrolobenzodiazepine,2,
NCT05156866,Multiple_solid,Advanced/Metastatic,TORL-2-307-ADC,CLDN18,0,Auristatin_derivative,1,
NCT05263479,Multiple_solid,Advanced/Metastatic,HS-20089,VTCN1,0,Undisclosed,1,
NCT04296890,Ovary,Advanced/Metastatic,Mirvetuximab_soravtansine,FOLR1,0,Maytansinoid,3,
NCT04617314,Multiple_solid,Advanced/Metastatic,RC108,MET,0,Undisclosed,1,
NCT02539719,Ovary,Advanced/Metastatic,Tamrintamab_pamozirine,DPEP3,0,Pyrrolobenzodiazepine,1,
NCT02452554,Multiple_solid,Advanced/Metastatic,Lorvotuzumab_mertansine,NCAM1,0,Maytansinoid,2,
NCT04907968,Ovary,Advanced/Metastatic,Upifitamab_rilsodotin,SLC34A2,0,Auristatin_derivative,2,
NCT05103683,Multiple_solid,Advanced/Metastatic,TORL-1-23,CLDN6,0,Auristatin_derivative,1,
NCT03319628,Multiple_solid,Advanced/Metastatic,Upifitamab_rilsodotin,SLC34A2,0,Auristatin_derivative,2,
NCT02500914,Lung,Advanced/Metastatic,Luveltamab_tazevibulin,FOLR1,0,Hemiasterlin_analogue,1,
NCT03225937,Colon/Rectum,Advanced/Metastatic,T-DM1,ERBB2,0,Maytansinoid,2,
NCT04073602,Urothelium,Advanced/Metastatic,Disitamab_vedotin,ERBB2,0,Auristatin_derivative,2,
NCT04585958,Uterus,Advanced/Metastatic,Trastuzumab_deruxtecan,ERBB2,0,Camptothecin,1,
NCT04329429,Biliary_tract,Advanced/Metastatic,Disitamab_vedotin,ERBB2,0,Auristatin_derivative,2,
NCT02725541,Breast,Neoadjuvant,T-DM1,ERBB2,0,Maytansinoid,2,
NCT02947152,Multiple_solid,Advanced/Metastatic,HKT288,CDH6,0,Maytansinoid,1,
NCT04152499,Multiple_solid,Advanced/Metastatic,SKB264,TACSTD2,0,Camptothecin,2,
NCT03602079,Multiple_solid,Advanced/Metastatic,A166,ERBB2,0,Auristatin_derivative,2,
NCT03575819,Prostate,Advanced/Metastatic,FOR46,CD46,0,Auristatin_derivative,1,
NCT02819999,Lung,Advanced/Metastatic,Rovalpituzumab_tesirine,DLL3,0,Pyrrolobenzodiazepine,1,
NCT02874664,Lung,Advanced/Metastatic,Rovalpituzumab_tesirine,DLL3,0,Pyrrolobenzodiazepine,1,
NCT05205850,Multiple_solid,Advanced/Metastatic,RC118-ADC,CLDN18,0,Auristatin_derivative,2,
NCT03725761,Prostate,Advanced/Metastatic,Sacituzumab_govitecan,TACSTD2,0,Camptothecin,2,
NCT03587740,Breast,Adjuvant,T-DM1,ERBB2,0,Maytansinoid,2,
NCT04868344,Multiple_solid,Advanced/Metastatic,MRG003,EGFR,0,Auristatin_derivative,1,
NCT05263869,Breast,Advanced/Metastatic,MRG002,ERBB2,0,Auristatin_derivative,2,
NCT04606914,Ovary,Advanced/Metastatic,Mirvetuximab_soravtansine,FOLR1,0,Maytansinoid,2,
NCT03574753,Lung,Advanced/Metastatic,Telisotuzumab_vedotin,MET,0,Auristatin_derivative,2,
NCT04681131,Lung,Advanced/Metastatic,Mecbotamab_vedotin,AXL,0,Auristatin_derivative,2,
NCT03425279,Multiple_solid,Advanced/Metastatic,Mecbotamab_vedotin,AXL,0,Auristatin_derivative,2,
NCT03835819,Uterus,Advanced/Metastatic,Mirvetuximab_soravtansine,FOLR1,0,Maytansinoid,2,
NCT03504488,Multiple_solid,Advanced/Metastatic,Ozuriftamab_vedotin,ROR2,0,Auristatin_derivative,2,
NCT04434040,Breast,Adjuvant,Sacituzumab_govitecan,TACSTD2,0,Camptothecin,2,
NCT02363283,Melanoma,Advanced/Metastatic,Glembatumumab_vedotin,GPNMB,0,Auristatin_derivative,2,
NCT02780011,Multiple_solid,Advanced/Metastatic,Brentuximab_vedotin,TNFRSF8,0,Auristatin_derivative,1,
NCT04209855,Ovary,Advanced/Metastatic,Mirvetuximab_soravtansine,FOLR1,0,Maytansinoid,3,
NCT02980341,Breast,Advanced/Metastatic,Patritumab_deruxtecan,ERBB3,0,Camptothecin,2,
NCT03856541,Multiple_solid,Advanced/Metastatic,SHR-A1403,MET,0,Auristatin_derivative,1,
NCT04319198,Multiple_solid,Advanced/Metastatic,Sacituzumab_govitecan,TACSTD2,0,Camptothecin,4,
NCT04617522,Multiple_solid,Advanced/Metastatic,Sacituzumab_govitecan,TACSTD2,0,Camptothecin,1,
NCT01461538,Multiple_solid,Advanced/Metastatic,Brentuximab_vedotin,TNFRSF8,0,Auristatin_derivative,2,
NCT05188209,Stomach,Advanced/Metastatic,MRG003,EGFR,0,Auristatin_derivative,2,
NCT04868162,Head_and_neck,Advanced/Metastatic,MRG003,EGFR,0,Auristatin_derivative,2,
NCT05126719,Head_and_neck,Advanced/Metastatic,MRG003,EGFR,0,Auristatin_derivative,2,
NCT04839510,Urothelium,Advanced/Metastatic,MRG002,ERBB2,0,Auristatin_derivative,2,
NCT04838964,Biliary_tract,Advanced/Metastatic,MRG003,EGFR,0,Auristatin_derivative,2,
NCT04837508,Biliary_tract,Advanced/Metastatic,MRG002,ERBB2,0,Auristatin_derivative,2,
NCT04843709,Multiple_solid,Advanced/Metastatic,MRG004A,F3,0,Auristatin_derivative,2,
NCT04742153,Breast,Advanced/Metastatic,MRG002,ERBB2,0,Auristatin_derivative,2,
NCT05141747,Stomach,Advanced/Metastatic,MRG002,ERBB2,0,Auristatin_derivative,2,
NCT05141786,Lung,Advanced/Metastatic,MRG002,ERBB2,0,Auristatin_derivative,2,
NCT04941339,Multiple_solid,Advanced/Metastatic,MRG002,ERBB2,0,Auristatin_derivative,1,
NCT04924699,Breast,Advanced/Metastatic,MRG002,ERBB2,0,Auristatin_derivative,2,
NCT04838548,Lung,Advanced/Metastatic,MRG003,EGFR,0,Auristatin_derivative,2,
NCT04662580,Multiple_solid,Advanced/Metastatic,ARX517,FOLH1,0,Auristatin_derivative,1,
NCT02073916,Breast,Advanced/Metastatic,T-DM1,ERBB2,0,Maytansinoid,1,
NCT04647916,Breast,Advanced/Metastatic,Sacituzumab_govitecan,TACSTD2,0,Camptothecin,2,
NCT02696642,Multiple_solid,Advanced/Metastatic,Anetumab_ravtansine,MSLN,0,Maytansinoid,1,
NCT03474107,Urothelium,Advanced/Metastatic,Enfortumab_vedotin,NECTIN4,0,Auristatin_derivative,3,
NCT03384940,Colon/Rectum,Advanced/Metastatic,Trastuzumab_deruxtecan,ERBB2,0,Camptothecin,2,
NCT01677390,Kidney,Advanced/Metastatic,Vorsetuzumab_mafodotin,CD70,0,Auristatin_derivative,1,
NCT03326258,Multiple_solid,Advanced/Metastatic,Glembatumumab_vedotin,GPNMB,0,Auristatin_derivative,2,
NCT03657043,Ovary,Advanced/Metastatic,Tisotumab_vedotin,F3,0,Auristatin_derivative,2,
NCT02161679,Breast,Advanced/Metastatic,Sacituzumab_govitecan,TACSTD2,0,Camptothecin,2,
NCT03366428,Breast,Advanced/Metastatic,Trastuzumab_deruxtecan,ERBB2,0,Camptothecin,1,
NCT02606305,Ovary,Advanced/Metastatic,Mirvetuximab_soravtansine,FOLR1,0,Maytansinoid,2,
NCT04826341,Multiple_solid,Advanced/Metastatic,Sacituzumab_govitecan,TACSTD2,0,Camptothecin,2,
NCT04492488,Multiple_solid,Advanced/Metastatic,MRG002,ERBB2,0,Auristatin_derivative,2,
NCT04644068,Multiple_solid,Advanced/Metastatic,Trastuzumab_deruxtecan,ERBB2,0,Camptothecin,2,
NCT01577758,Multiple_solid,Advanced/Metastatic,Indusatumab_vedotin,GUCY2C,0,Auristatin_derivative,1,
NCT01672775,Kidney,Advanced/Metastatic,AGS-16C3F,ENPP3,0,Auristatin_derivative,1,
NCT02564900,Multiple_solid,Advanced/Metastatic,Trastuzumab_deruxtecan,ERBB2,0,Camptothecin,1,
NCT01963052,Urothelium,Advanced/Metastatic,AGS15E,SLITRK6,0,Auristatin_derivative,1,
NCT02091999,Multiple_solid,Advanced/Metastatic,Enfortumab_vedotin,NECTIN4,0,Auristatin_derivative,1,
NCT04189211,Multiple_solid,Advanced/Metastatic,BAT8001,ERBB2,0,Maytansinoid,1,
NCT03383692,Multiple_solid,Advanced/Metastatic,Trastuzumab_deruxtecan,ERBB2,0,Camptothecin,1,
NCT03007030,Lung,Advanced/Metastatic,Brentuximab_vedotin,TNFRSF8,0,Auristatin_derivative,2,
NCT05216965,Multiple_solid,Advanced/Metastatic,9MW2821,NECTIN4,0,Auristatin_derivative,2,
NCT04439110,Multiple_solid,Advanced/Metastatic,T-DM1,ERBB2,0,Maytansinoid,2,
NCT01816035,Breast,Advanced/Metastatic,T-DM1,ERBB2,0,Maytansinoid,1,
NCT02038010,Breast,Advanced/Metastatic,T-DM1,ERBB2,0,Maytansinoid,1,
NCT05143229,Breast,Advanced/Metastatic,Sacituzumab_govitecan,TACSTD2,0,Camptothecin,1,
NCT02751918,Ovary,Advanced/Metastatic,Anetumab_ravtansine,MSLN,0,Maytansinoid,1,
NCT01963715,Multiple_solid,Advanced/Metastatic,Laprituximab_emtansine,EGFR,0,Maytansinoid,1,
NCT01015911,Multiple_solid/Blood,Advanced/Metastatic,Vorsetuzumab_mafodotin,CD70,0,Auristatin_derivative,1,
NCT01969643,Breast,Advanced/Metastatic,Ladiratuzumab_vedotin,SLC39A6,0,Auristatin_derivative,1,
NCT03288545,Urothelium,Advanced/Metastatic,Enfortumab_vedotin,NECTIN4,0,Auristatin_derivative,2,
NCT03219333,Bladder,Advanced/Metastatic,Enfortumab_vedotin,NECTIN4,0,Auristatin_derivative,2,
NCT02631876,Ovary,Advanced/Metastatic,Mirvetuximab_soravtansine,FOLR1,0,Maytansinoid,3,
NCT04460456,Multiple_solid,Advanced/Metastatic,Pertuzumab_zuvotolimod,ERBB2,0,TLR8_agonist,1,
NCT05104866,Breast,Advanced/Metastatic,Datopotamab_deruxtecan,TACSTD2,0,Camptothecin,3,
NCT03543813,Multiple_solid/Blood,Advanced/Metastatic,CX-2029,TFRC,0,Auristatin_derivative,2,
NCT02216890,Multiple_solid/Blood,Advanced/Metastatic,SGN-CD70A,CD70,0,Pyrrolobenzodiazepine,1,
NCT03149549,Multiple_solid,Advanced/Metastatic,Praluzatamab_ravtansine,ALCAM,0,Maytansinoid,2,
NCT04639986,Breast,Advanced/Metastatic,Sacituzumab_govitecan,TACSTD2,0,Camptothecin,3,
NCT01166490,Multiple_solid,Advanced/Metastatic,ASG-5ME,SLC44A4,0,Auristatin_derivative,1,
NCT02573324,Brain,Advanced/Metastatic,Depatuxizumab_mafodotin,EGFR,0,Auristatin_derivative,3,
NCT02343406,Brain,Advanced/Metastatic,Depatuxizumab_mafodotin,EGFR,0,Auristatin_derivative,2,
NCT02485119,Multiple_solid,Advanced/Metastatic,Anetumab_ravtansine,MSLN,0,Maytansinoid,1,
NCT02639182,Kidney,Advanced/Metastatic,AGS-16C3F,ENPP3,0,Auristatin_derivative,2,
NCT02078752,Multiple_solid,Advanced/Metastatic,PF-06647263,EFNA4,0,Calicheamicin,1,
NCT03070990,Urothelium,Advanced/Metastatic,Enfortumab_vedotin,NECTIN4,0,Auristatin_derivative,1,
NCT04351230,Breast,Advanced/Metastatic,T-DM1,ERBB2,0,Maytansinoid,2,
NCT03438396,Uterus,Advanced/Metastatic,Tisotumab_vedotin,F3,0,Auristatin_derivative,2,
NCT04556773,Breast,Advanced/Metastatic,Trastuzumab_deruxtecan,ERBB2,0,Camptothecin,1,
NCT04494425,Breast,Advanced/Metastatic,Trastuzumab_deruxtecan,ERBB2,0,Camptothecin,3,
NCT04538742,Breast,Advanced/Metastatic,Trastuzumab_deruxtecan,ERBB2,0,Camptothecin,2,
NCT02073487,Breast,Neoadjuvant,Trastuzumab_deruxtecan,ERBB2,0,Camptothecin,2,
NCT05043987,Multiple_solid,Advanced/Metastatic,CPO102,CLDN18,0,Auristatin_derivative,1,
NCT04175847,Multiple_solid,Advanced/Metastatic,RC88-ADC,MSLN,0,Undisclosed,1,
NCT04878029,Urothelium,Advanced/Metastatic,Enfortumab_vedotin,NECTIN4,0,Auristatin_derivative,1,
NCT05238831,Multiple_solid,Advanced/Metastatic,T-DM1,ERBB2,0,Maytansinoid,2,
NCT04266249,Breast,Adjuvant,T-DM1,ERBB2,0,Maytansinoid,2,
NCT02465060,Multiple_solid,Advanced/Metastatic,T-DM1,ERBB2,0,Maytansinoid,2,
NCT05239624,Bladder,Advanced/Metastatic,Enfortumab_vedotin,NECTIN4,0,Auristatin_derivative,2,
NCT05014139,Bladder,Neoadjuvant,Enfortumab_vedotin,NECTIN4,0,Auristatin_derivative,1,
NCT03924895,Bladder,Neoadj/Adjuvant,Enfortumab_vedotin,NECTIN4,0,Auristatin_derivative,3,
NCT04225117,Multiple_solid,Advanced/Metastatic,Enfortumab_vedotin,NECTIN4,0,Auristatin_derivative,2,
NCT04960709,Bladder,Neoadj/Adjuvant,Enfortumab_vedotin,NECTIN4,0,Auristatin_derivative,3,
NCT04754191,Prostate,Advanced/Metastatic,Enfortumab_vedotin,NECTIN4,0,Auristatin_derivative,2,
NCT04223856,Urothelium,Advanced/Metastatic,Enfortumab_vedotin,NECTIN4,0,Auristatin_derivative,3,
NCT04700124,Bladder,Neoadj/Adjuvant,Enfortumab_vedotin,NECTIN4,0,Auristatin_derivative,3,
NCT03869190,Urothelium,Advanced/Metastatic,Enfortumab_vedotin,NECTIN4,0,Auristatin_derivative,2,
NCT05097599,Multiple_solid,Advanced/Metastatic,Enfortumab_vedotin,NECTIN4,0,Auristatin_derivative,2,
NCT04230109,Breast,Neoadjuvant,Sacituzumab_govitecan,TACSTD2,0,Camptothecin,2,
NCT05008510,Breast,Advanced/Metastatic,Sacituzumab_govitecan,TACSTD2,0,Camptothecin,2,
NCT03964727,Multiple_solid,Advanced/Metastatic,Sacituzumab_govitecan,TACSTD2,0,Camptothecin,2,
NCT04468061,Breast,Advanced/Metastatic,Sacituzumab_govitecan,TACSTD2,0,Camptothecin,2,
NCT05113966,Breast,Advanced/Metastatic,Sacituzumab_govitecan,TACSTD2,0,Camptothecin,2,
NCT04559230,Brain,Advanced/Metastatic,Sacituzumab_govitecan,TACSTD2,0,Camptothecin,2,
NCT04448886,Breast,Advanced/Metastatic,Sacituzumab_govitecan,TACSTD2,0,Camptothecin,2,
NCT03995706,Brain,Neoadjuvant,Sacituzumab_govitecan,TACSTD2,0,Camptothecin,1,
NCT03901339,Breast,Advanced/Metastatic,Sacituzumab_govitecan,TACSTD2,0,Camptothecin,3,
NCT05101096,Multiple_solid,Advanced/Metastatic,Sacituzumab_govitecan,TACSTD2,0,Camptothecin,2,
NCT05089734,Lung,Advanced/Metastatic,Sacituzumab_govitecan,TACSTD2,0,Camptothecin,3,
NCT04527991,Urothelium,Advanced/Metastatic,Sacituzumab_govitecan,TACSTD2,0,Camptothecin,3,
NCT05226117,Bladder,Neoadjuvant,Sacituzumab_govitecan,TACSTD2,0,Camptothecin,2,
NCT04863885,Urothelium,Advanced/Metastatic,Sacituzumab_govitecan,TACSTD2,0,Camptothecin,2,
NCT05119907,Multiple_solid,Advanced/Metastatic,Sacituzumab_govitecan,TACSTD2,0,Camptothecin,2,
NCT02574455,Breast,Advanced/Metastatic,Sacituzumab_govitecan,TACSTD2,0,Camptothecin,3,
NCT04454437,Breast,Advanced/Metastatic,Sacituzumab_govitecan,TACSTD2,0,Camptothecin,2,
NCT03547973,Urothelium,Advanced/Metastatic,Sacituzumab_govitecan,TACSTD2,0,Camptothecin,2,
NCT05186974,Lung,Advanced/Metastatic,Sacituzumab_govitecan,TACSTD2,0,Camptothecin,2,
NCT03971409,Breast,Advanced/Metastatic,Sacituzumab_govitecan,TACSTD2,0,Camptothecin,2,
NCT04927884,Breast,Advanced/Metastatic,Sacituzumab_govitecan,TACSTD2,0,Camptothecin,2,
NCT05006794,Multiple_solid,Advanced/Metastatic,Sacituzumab_govitecan,TACSTD2,0,Camptothecin,1,
NCT03992131,Multiple_solid,Advanced/Metastatic,Sacituzumab_govitecan,TACSTD2,0,Camptothecin,2,
NCT04986579,Breast,Advanced/Metastatic,Sacituzumab_govitecan,TACSTD2,0,Camptothecin,2,
NCT04958785,Breast,Advanced/Metastatic,Sacituzumab_govitecan,TACSTD2,0,Camptothecin,2,
NCT05327530,Bladder,Advanced/Metastatic,Sacituzumab_govitecan,TACSTD2,0,Camptothecin,2,
NCT03424005,Breast,Advanced/Metastatic,Sacituzumab_govitecan,TACSTD2,0,Camptothecin,2,
NCT03337698,Lung,Advanced/Metastatic,Sacituzumab_govitecan,TACSTD2,0,Camptothecin,2,
NCT05332561,Breast,Adjuvant,Sacituzumab_govitecan,TACSTD2,0,Camptothecin,2,
NCT03329690,Stomach,Advanced/Metastatic,Trastuzumab_deruxtecan,ERBB2,0,Camptothecin,2,
NCT04420598,Breast,Advanced/Metastatic,Trastuzumab_deruxtecan,ERBB2,0,Camptothecin,2,
NCT04014075,Multiple_solid,Advanced/Metastatic,Trastuzumab_deruxtecan,ERBB2,0,Camptothecin,2,
NCT04294628,Multiple_solid,Advanced/Metastatic,Trastuzumab_deruxtecan,ERBB2,0,Camptothecin,1,
NCT04704661,Multiple_solid,Advanced/Metastatic,Trastuzumab_deruxtecan,ERBB2,0,Camptothecin,1,
NCT04482309,Multiple_solid,Advanced/Metastatic,Trastuzumab_deruxtecan,ERBB2,0,Camptothecin,2,
NCT04752059,Breast,Advanced/Metastatic,Trastuzumab_deruxtecan,ERBB2,0,Camptothecin,2,
NCT04616560,Sarcoma,Advanced/Metastatic,Trastuzumab_deruxtecan,ERBB2,0,Camptothecin,2,
NCT04744831,Colon/Rectum,Advanced/Metastatic,Trastuzumab_deruxtecan,ERBB2,0,Camptothecin,2,
NCT05034887,Multiple_solid,Neoadjuvant,Trastuzumab_deruxtecan,ERBB2,0,Camptothecin,2,
NCT04784715,Breast,Advanced/Metastatic,Trastuzumab_deruxtecan,ERBB2,0,Camptothecin,3,
NCT04622319,Breast,Advanced/Metastatic,Trastuzumab_deruxtecan,ERBB2,0,Camptothecin,3,
NCT05372614,Multiple_solid,Advanced/Metastatic,Trastuzumab_deruxtecan,ERBB2,0,Camptothecin,1,
NCT04553770,Breast,Neoadjuvant,Trastuzumab_deruxtecan,ERBB2,0,Camptothecin,2,
NCT05048797,Lung,Advanced/Metastatic,Trastuzumab_deruxtecan,ERBB2,0,Camptothecin,3,
NCT04639219,Multiple_solid,Advanced/Metastatic,Trastuzumab_deruxtecan,ERBB2,0,Camptothecin,2,
NCT04989816,Multiple_solid,Advanced/Metastatic,Trastuzumab_deruxtecan,ERBB2,0,Camptothecin,2,
NCT04704934,Multiple_solid,Advanced/Metastatic,Trastuzumab_deruxtecan,ERBB2,0,Camptothecin,3,
NCT05246514,Lung,Advanced/Metastatic,Trastuzumab_deruxtecan,ERBB2,0,Camptothecin,2,
NCT04379596,Stomach,Advanced/Metastatic,Trastuzumab_deruxtecan,ERBB2,0,Camptothecin,2,
NCT04686305,Lung,Advanced/Metastatic,Trastuzumab_deruxtecan,ERBB2,0,Camptothecin,1,
NCT04298918,Breast,Advanced/Metastatic,Trastuzumab_deruxtecan,ERBB2,0,Camptothecin,2,
NCT04539938,Breast,Advanced/Metastatic,Trastuzumab_deruxtecan,ERBB2,0,Camptothecin,2,
NCT04644237,Lung,Advanced/Metastatic,Trastuzumab_deruxtecan,ERBB2,0,Camptothecin,2,
NCT03742102,Breast,Advanced/Metastatic,Trastuzumab_deruxtecan,ERBB2,0,Camptothecin,2,
NCT03334617,Lung,Advanced/Metastatic,Trastuzumab_deruxtecan,ERBB2,0,Camptothecin,2,
NCT05113251,Breast,Neoadjuvant,Trastuzumab_deruxtecan,ERBB2,0,Camptothecin,3,
NCT04739761,Breast,Advanced/Metastatic,Trastuzumab_deruxtecan,ERBB2,0,Camptothecin,3,
NCT05274048,Stomach,Advanced/Metastatic,Trastuzumab_deruxtecan,ERBB2,0,Camptothecin,1,
NCT05091528,Multiple_solid,Advanced/Metastatic,Trastuzumab_deruxtecan,ERBB2,0,Camptothecin,2,
NCT03530696,Breast,Advanced/Metastatic,T-DM1,ERBB2,0,Maytansinoid,2,
NCT01196052,Breast,Neoadj/Adjuvant,T-DM1,ERBB2,0,Maytansinoid,2,
NCT03153163,Breast,Advanced/Metastatic,T-DM1,ERBB2,0,Maytansinoid,1,
NCT02999672,Multiple_solid,Advanced/Metastatic,T-DM1,ERBB2,0,Maytansinoid,2,
NCT01702571,Breast,Advanced/Metastatic,T-DM1,ERBB2,0,Maytansinoid,3,
NCT04042051,Breast,Advanced/Metastatic,T-DM1,ERBB2,0,Maytansinoid,1,
NCT04158947,Breast,Advanced/Metastatic,T-DM1,ERBB2,0,Maytansinoid,2,
NCT02658084,Breast,Advanced/Metastatic,T-DM1,ERBB2,0,Maytansinoid,2,
NCT04740918,Breast,Advanced/Metastatic,T-DM1,ERBB2,0,Maytansinoid,3,
NCT02289833,Lung,Advanced/Metastatic,T-DM1,ERBB2,0,Maytansinoid,2,
NCT03084939,Breast,Advanced/Metastatic,T-DM1,ERBB2,0,Maytansinoid,3,
NCT03203616,Breast,Advanced/Metastatic,T-DM1,ERBB2,0,Maytansinoid,2,
NCT02924883,Breast,Advanced/Metastatic,T-DM1,ERBB2,0,Maytansinoid,2,
NCT01853748,Breast,Adjuvant,T-DM1,ERBB2,0,Maytansinoid,2,
NCT01419197,Breast,Advanced/Metastatic,T-DM1,ERBB2,0,Maytansinoid,3,
NCT03429101,Breast,Advanced/Metastatic,T-DM1,ERBB2,0,Maytansinoid,1,
NCT00509769,Breast,Advanced/Metastatic,T-DM1,ERBB2,0,Maytansinoid,2,
NCT01641939,Stomach,Advanced/Metastatic,T-DM1,ERBB2,0,Maytansinoid,3,
NCT03032107,Breast,Advanced/Metastatic,T-DM1,ERBB2,0,Maytansinoid,1,
NCT04893109,Breast,Adjuvant,T-DM1,ERBB2,0,Maytansinoid,2,
NCT02675829,Multiple_solid,Advanced/Metastatic,T-DM1,ERBB2,0,Maytansinoid,2,
NCT02144012,Breast,Advanced/Metastatic,T-DM1,ERBB2,0,Maytansinoid,3,
NCT00679211,Breast,Advanced/Metastatic,T-DM1,ERBB2,0,Maytansinoid,2,
NCT00875979,Breast,Advanced/Metastatic,T-DM1,ERBB2,0,Maytansinoid,2,
NCT01745965,Breast,Neoadjuvant,T-DM1,ERBB2,0,Maytansinoid,2,
NCT02658734,Breast,Advanced/Metastatic,T-DM1,ERBB2,0,Maytansinoid,4,
NCT03784599,Lung,Advanced/Metastatic,T-DM1,ERBB2,0,Maytansinoid,2,
NCT03975647,Breast,Advanced/Metastatic,T-DM1,ERBB2,0,Maytansinoid,3,
NCT04873362,Breast,Adjuvant,T-DM1,ERBB2,0,Maytansinoid,3,
NCT01702558,Multiple_solid,Advanced/Metastatic,T-DM1,ERBB2,0,Maytansinoid,2,
NCT01983501,Breast,Advanced/Metastatic,T-DM1,ERBB2,0,Maytansinoid,1,
NCT00943670,Breast,Advanced/Metastatic,T-DM1,ERBB2,0,Maytansinoid,2,
NCT03418558,Colon/Rectum,Advanced/Metastatic,T-DM1,ERBB2,0,Maytansinoid,2,
NCT02236000,Breast,Advanced/Metastatic,T-DM1,ERBB2,0,Maytansinoid,2,
NCT00679341,Breast,Advanced/Metastatic,T-DM1,ERBB2,0,Maytansinoid,2,
NCT02131064,Breast,Neoadjuvant,T-DM1,ERBB2,0,Maytansinoid,3,
NCT01772472,Breast,Adjuvant,T-DM1,ERBB2,0,Maytansinoid,3,
NCT03190967,Breast,Advanced/Metastatic,T-DM1,ERBB2,0,Maytansinoid,2,
NCT01976169,Breast,Advanced/Metastatic,T-DM1,ERBB2,0,Maytansinoid,1,
NCT00829166,Breast,Advanced/Metastatic,T-DM1,ERBB2,0,Maytansinoid,3,
NCT00934856,Breast,Advanced/Metastatic,T-DM1,ERBB2,0,Maytansinoid,2,
NCT01966471,Breast,Adjuvant,T-DM1,ERBB2,0,Maytansinoid,3,
NCT04620187,Head_and_neck,Adjuvant,T-DM1,ERBB2,0,Maytansinoid,2,
NCT01513083,Breast,Advanced/Metastatic,T-DM1,ERBB2,0,Maytansinoid,1,
NCT00781612,Multiple_solid,Advanced/Metastatic,T-DM1,ERBB2,0,Maytansinoid,2,
NCT01565200,Breast,Advanced/Metastatic,T-DM1,ERBB2,0,Maytansinoid,2,
NCT02326974,Breast,Neoadjuvant,T-DM1,ERBB2,0,Maytansinoid,2,
NCT00932373,Breast,Advanced/Metastatic,T-DM1,ERBB2,0,Maytansinoid,1,
NCT04457596,Breast,Adjuvant,T-DM1,ERBB2,0,Maytansinoid,3,
NCT00951665,Breast,Advanced/Metastatic,T-DM1,ERBB2,0,Maytansinoid,2,
NCT02562378,Breast,Advanced/Metastatic,T-DM1,ERBB2,0,Maytansinoid,1,
NCT01835236,Breast,Advanced/Metastatic,T-DM1,ERBB2,0,Maytansinoid,2,
NCT05323955,Breast,Advanced/Metastatic,T-DM1,ERBB2,0,Maytansinoid,2,
NCT01120184,Breast,Advanced/Metastatic,T-DM1,ERBB2,0,Maytansinoid,3,
NCT01975142,Breast,Advanced/Metastatic,T-DM1,ERBB2,0,Maytansinoid,2,
NCT04509596,Breast,Advanced/Metastatic,T-DM1,ERBB2,0,Maytansinoid,1,
NCT00928330,Breast,Advanced/Metastatic,T-DM1,ERBB2,0,Maytansinoid,1,
NCT04733118,Breast,Adjuvant,T-DM1,ERBB2,0,Maytansinoid,2,
NCT04675827,Breast,Adjuvant,T-DM1,ERBB2,0,Maytansinoid,2,
NCT04680442,Breast,Adjuvant,T-DM1,ERBB2,0,Maytansinoid,2,
NCT02605915,Breast,Advanced/Metastatic,T-DM1,ERBB2,0,Maytansinoid,1,
NCT02135159,Breast,Advanced/Metastatic,T-DM1,ERBB2,0,Maytansinoid,1,
NCT02657343,Breast,Advanced/Metastatic,T-DM1,ERBB2,0,Maytansinoid,2,
NCT03709082,Breast,Advanced/Metastatic,T-DM1,ERBB2,0,Maytansinoid,2,
NCT04296942,Breast,Advanced/Metastatic,T-DM1,ERBB2,0,Maytansinoid,1,
NCT02314481,Lung,Advanced/Metastatic,T-DM1,ERBB2,0,Maytansinoid,2,
NCT01494662,Breast,Advanced/Metastatic,T-DM1,ERBB2,0,Maytansinoid,2,
NCT02318901,Multiple_solid,Advanced/Metastatic,T-DM1,ERBB2,0,Maytansinoid,2,
NCT05288777,Breast,Adjuvant,T-DM1,ERBB2,0,Maytansinoid,3,
NCT02568839,Breast,Neoadjuvant,T-DM1,ERBB2,0,Maytansinoid,3,
NCT03726879,Breast,Adjuvant,T-DM1,ERBB2,0,Maytansinoid,3,
NCT04856475,Breast,Advanced/Metastatic,T-DM1,ERBB2,0,Maytansinoid,2,
NCT02390427,Breast,Advanced/Metastatic,T-DM1,ERBB2,0,Maytansinoid,1,
NCT03894007,Breast,Adjuvant,T-DM1,ERBB2,0,Maytansinoid,2,
NCT02213744,Breast,Advanced/Metastatic,MM-302,ERBB2,0,Maytansinoid,3,
NCT04419181,Breast,Adjuvant,T-DM1,ERBB2,0,Maytansinoid,2,
NCT04486352,Uterus,Advanced/Metastatic,T-DM1,ERBB2,0,Maytansinoid,2,
NCT04589845,Multiple_solid,Advanced/Metastatic,T-DM1,ERBB2,0,Maytansinoid,2,
NCT03820063,Breast,Adjuvant,T-DM1,ERBB2,0,Maytansinoid,2,
NCT04632992,Multiple_solid,Advanced/Metastatic,T-DM1,ERBB2,0,Maytansinoid,2,
NCT04931342,Ovary,Advanced/Metastatic,T-DM1,ERBB2,0,Maytansinoid,2,
NCT04398914,Breast,Adjuvant,T-DM1,ERBB2,0,Maytansinoid,2,
NCT05134519,Breast,Neoadjuvant,Disitamab_vedotin,ERBB2,0,Auristatin_derivative,2,
NCT04341181,Multiple_solid,Advanced/Metastatic,T-DM1,ERBB2,0,Maytansinoid,2,
NCT01042379,Breast,Neoadjuvant,T-DM1,ERBB2,0,Maytansinoid,2,
NCT04185649,Breast,Advanced/Metastatic,BAT8001,ERBB2,0,Maytansinoid,3,
NCT04591431,Breast,Advanced/Metastatic,T-DM1,ERBB2,0,Maytansinoid,2,
NCT05323045,Multiple_solid,Advanced/Metastatic,BYON3521,MET,0,Duocarmycin,1,
NCT05652868,Lung,Advanced/Metastatic,MYTX-011,MET,0,Auristatin_derivative,1,
NCT05584709,Multiple_solid,Advanced/Metastatic,STI-6129,CD38,0,Auristatin_derivative,1,
NCT05498597,Multiple_solid,Advanced/Metastatic,AMT-151,FOLR1,0,Undisclosed,1,
NCT05527184,Multiple_solid,Advanced/Metastatic,IMGN151,FOLR1,0,Maytansinoid,1,
NCT05329545,Ovary,Advanced/Metastatic,Upifitamab_rilsodotin,SLC34A2,0,Auristatin_derivative,3,
NCT05525286,Multiple_solid,Advanced/Metastatic,SOT102,CLDN18,0,Anthracycline,2,
NCT05564858,Multiple_solid,Advanced/Metastatic,FDA022,ERBB2,0,Undisclosed,1,
NCT05280470,Lung,Advanced/Metastatic,Ifinatamab_Deruxtecan,CD276,0,Camptothecin,2,
NCT05613088,Ovary,Advanced/Metastatic,MORAb-202,FOLR1,0,Eribulin,2,
NCT05735496,Multiple_solid,Advanced/Metastatic,TQB2102,ERBB2,0,Auristatin_derivative,1,
NCT05464030,Colon/Rectum,Advanced/Metastatic,M9140,CEACAM5,0,Undisclosed,1,
NCT05547321,Multiple_solid,Advanced/Metastatic,OMTX705,FAP,0,Tubulysin,1,
NCT05279300,Multiple_solid,Advanced/Metastatic,CS5001,ROR1,0,Pyrrolobenzodiazepine,1,
NCT05577715,Lung,Advanced/Metastatic,MORAb-202,FOLR1,0,Eribulin,2,
NCT05456685,Ovary,Advanced/Metastatic,Mirvetuximab_soravtansine,FOLR1,0,Maytansinoid,2,
NCT05276609,Multiple_solid,Advanced/Metastatic,HS-20093,CD276,0,Undisclosed,1,
NCT05434234,Multiple_solid,Advanced/Metastatic,YL201,CD276,0,Undisclosed,1,
NCT05601401,Salivary_gland,Advanced/Metastatic,Disitamab_vedotin,ERBB2,0,Auristatin_derivative,2,
NCT05575804,Breast,Advanced/Metastatic,GQ1001,ERBB2,0,Maytansinoid,2,
NCT05622890,Ovary,Advanced/Metastatic,Mirvetuximab_soravtansine,FOLR1,0,Maytansinoid,3,
NCT05460273,Lung,Advanced/Metastatic,Datopotamab_deruxtecan,TACSTD2,0,Camptothecin,2,
NCT05311397,Breast,Advanced/Metastatic,A166,ERBB2,0,Auristatin_derivative,1,
NCT05367635,Multiple_solid,Advanced/Metastatic,SKB315,CLDN18,0,Undisclosed,1,
NCT05271604,Head_and_neck,Advanced/Metastatic,Ozuriftamab_vedotin,ROR2,0,Auristatin_derivative,2,
NCT05293496,Multiple_solid,Advanced/Metastatic,Vobramitamab_duocarmazine,CD276,0,Duocarmycin,1,
NCT05320588,Multiple_solid,Advanced/Metastatic,BIO-106,TACSTD2,0,Undisclosed,2,
NCT05514158,Stomach,Advanced/Metastatic,Disitamab_vedotin,ERBB2,0,Auristatin_derivative,1,
NCT05493683,Colon/Rectum,Advanced/Metastatic,Disitamab_vedotin,ERBB2,0,Auristatin_derivative,2,
NCT05489211,Multiple_solid,Advanced/Metastatic,Datopotamab_deruxtecan,TACSTD2,0,Camptothecin,2,
NCT05647122,Multiple_solid,Advanced/Metastatic,AZD9592,EGFR;MET,1,Camptothecin,1,
NCT05701527,Multiple_solid,Advanced/Metastatic,EBC-129,CEACAM6,0,Auristatin_derivative,1,
NCT05688605,Multiple_solid,Advanced/Metastatic,MRG003,EGFR,0,Auristatin_derivative,2,
NCT05720117,Multiple_solid,Advanced/Metastatic,PYX-201,FN1,0,Auristatin_derivative,1,
NCT05338957,Multiple_solid,Advanced/Metastatic,MRG002,ERBB2,0,Auristatin_derivative,2,
NCT05581589,Bladder,Neoadjuvant,Sacituzumab_govitecan,TACSTD2,0,Camptothecin,2,
NCT05609968,Lung,Advanced/Metastatic,Sacituzumab_govitecan,TACSTD2,0,Camptothecin,3,
NCT05579366,Multiple_solid,Advanced/Metastatic,PRO1184,FOLR1,0,Camptothecin,2,
NCT05445778,Ovary,Maintenance,Mirvetuximab_soravtansine,FOLR1,0,Maytansinoid,3,
NCT05511844,Breast,Advanced/Metastatic,ORM-5029,ERBB2,0,Protein_degrader,1,
NCT05629585,Breast,Neoadjuvant,Datopotamab_deruxtecan,TACSTD2,0,Camptothecin,3,
NCT05374512,Breast,Advanced/Metastatic,Datopotamab_deruxtecan,TACSTD2,0,Camptothecin,3,
NCT05687266,Lung,Advanced/Metastatic,Datopotamab_deruxtecan,TACSTD2,0,Camptothecin,3,
NCT05426486,Breast,Neoadjuvant,ARX788,ERBB2,0,Auristatin_derivative,3,
NCT05582499,Breast,Neoadjuvant,Trophoblast cell-surface antigen 2 (TROP2) ADC,TACSTD2,0,Undisclosed,2,
NCT05408845,Salivary_gland,Advanced/Metastatic,T-DM1,ERBB2,0,Maytansinoid,2,
NCT05620914,Multiple_solid,Advanced/Metastatic,Patritumab_deruxtecan,ERBB3,0,Camptothecin,1,
NCT04619004,Lung,Advanced/Metastatic,Patritumab_deruxtecan,ERBB3,0,Camptothecin,2,
NCT05338970,Lung,Advanced/Metastatic,Patritumab_deruxtecan,ERBB3,0,Camptothecin,3,
NCT04676477,Lung,Advanced/Metastatic,Patritumab_deruxtecan,ERBB3,0,Camptothecin,1,
NCT05569811,Breast,Neoadjuvant,Patritumab_deruxtecan,ERBB3,0,Camptothecin,2,
NCT04479436,Colon/Rectum,Advanced/Metastatic,Patritumab_deruxtecan,ERBB3,0,Camptothecin,2,
NCT03260491,Lung,Advanced/Metastatic,Patritumab_deruxtecan,ERBB3,0,Camptothecin,1,
NCT04032704,Multiple_solid,Advanced/Metastatic,Ladiratuzumab_vedotin,SLC39A6,0,Auristatin_derivative,2,
NCT03310957,Breast,Advanced/Metastatic,Ladiratuzumab_vedotin,SLC39A6,0,Auristatin_derivative,2,
NCT05159440,Multiple_solid,Advanced/Metastatic,TORL-2-307-ADC,CLDN18,0,Auristatin_derivative,1,
NCT04389632,Multiple_solid,Advanced/Metastatic,SGN-B6A,ITGB6,0,Auristatin_derivative,1,
NCT05824325,Breast,Advanced/Metastatic,SHR-A1811+TROP2_ADC,ERBB2;TACSTD2,0,Camptothecin,2,
NCT05872295,Multiple_solid,Advanced/Metastatic,IKS014,ERBB2,0,Auristatin_derivative,1,
NCT05797168,Multiple_solid,Advanced/Metastatic,AZD5335,FOLR1,0,Undisclosed,2,
NCT05867563,Multiple_solid,Advanced/Metastatic,TQB2103,CLDN18,0,Undisclosed,1,
NCT05838521,Uterus,Advanced/Metastatic,Sacituzumab_govitecan,TACSTD2,0,Camptothecin,2,
NCT05831878,Breast,Advanced/Metastatic,Disitamab_vedotin,ERBB2,0,Auristatin_derivative,1,
NCT05830123,Soft_tissue,Advanced/Metastatic,HS-20093,CD276,0,Undisclosed,2,
NCT05870748,Ovary,Advanced/Metastatic,Luveltamab_tazevibulin,FOLR1,0,Hemiasterlin_analogue,2,
NCT04907968,Ovary,Advanced/Metastatic,Upifitamab_rilsodotin,SLC34A2,0,Auristatin_derivative,1,
NCT05756569,Urothelium,Advanced/Metastatic,Enfortumab_vedotin,NECTIN4,0,Auristatin_derivative,2,
NCT05775471,Urothelium,Neoadjuvant,Enfortumab_vedotin,NECTIN4,0,Auristatin_derivative,2,
NCT05865990,Multiple_solid,Advanced/Metastatic,Patritumab_deruxtecan,ERBB3,0,Camptothecin,2,
NCT05866354,Multiple_solid,Advanced/Metastatic,Tisotumab_vedotin,F3,0,Auristatin_derivative,1,
NCT05875168,Multiple_solid,Advanced/Metastatic,DS-3939a,MUC1,0,Camptothecin,2,
NCT03606174,Urothelium,Advanced/Metastatic,Enfortumab_vedotin,NECTIN4,0,Auristatin_derivative,2,
NCT05751512,Head_and_neck,Advanced/Metastatic,MRG003,EGFR,0,Auristatin_derivative,3,
NCT05868226,Breast,Advanced/Metastatic,Trastuzumab_deruxtecan,ERBB2,0,Camptothecin,1,
NCT05887609,Ovary,Advanced/Metastatic,Mirvetuximab_soravtansine,FOLR1,0,Maytansinoid,2,
NCT05754853,Urothelium,Advanced/Metastatic,MRG002,ERBB2,0,Auristatin_derivative,3,
NCT02448420,Breast,Advanced/Metastatic,T-DM1,ERBB2,0,Maytansinoid,2,
NCT04924699,Breast,Advanced/Metastatic,MRG002,ERBB2,0,Auristatin_derivative,3,
NCT04925284,Multiple_solid,Advanced/Metastatic,XB002,F3,0,Auristatin_derivative,1,
NCT05773937,Multiple_solid,Advanced/Metastatic,9MW2821,NECTIN4,0,Auristatin_derivative,1,
NCT04662580,Prostate,Advanced/Metastatic,ARX517,FOLH1,0,Auristatin_derivative,2,
NCT05749588,Breast,Advanced/Metastatic,Multiple_ADCs,ERBB2,0,Multiple_payloads,2,
NCT04887870,Multiple_solid,Advanced/Metastatic,Enfortumab_vedotin,NECTIN4,0,Auristatin_derivative,3,
NCT03419403,Brain,Advanced/Metastatic,Depatuxizumab_mafodotin,EGFR,0,Auristatin_derivative,3,
NCT04175847,Multiple_solid,Advanced/Metastatic,RC88-ADC,MSLN,0,Undisclosed,2,
NCT03364348,Breast,Advanced/Metastatic,T-DM1,ERBB2,0,Maytansinoid,1,
NCT04197687,Breast,Adjuvant,T-DM1,ERBB2,0,Maytansinoid,2,
NCT05470348,Multiple_solid,Advanced/Metastatic,BL-B01D1,EGFR;ERBB3,1,Undisclosed,1,
NCT05803018,Multiple_solid,Advanced/Metastatic,BL-B01D1,EGFR;ERBB3,1,Undisclosed,2,
NCT05785039,Multiple_solid,Advanced/Metastatic,BL-B01D1,EGFR;ERBB3,1,Undisclosed,2,
NCT05393427,Multiple_solid,Advanced/Metastatic,BL-B01D1,EGFR;ERBB3,1,Undisclosed,1,
NCT05194982,Multiple_solid,Advanced/Metastatic,BL-B01D1,EGFR;ERBB3,1,Undisclosed,1,
NCT05262491,Multiple_solid,Advanced/Metastatic,BL-B01D1,EGFR;ERBB3,1,Undisclosed,1,
NCT05880706,Lung,Advanced/Metastatic,BL-B01D1,EGFR;ERBB3,1,Undisclosed,2,
NCT05016973,Bladder,Advanced,Disitamab_vedotin,ERBB2,0,Auristatin_derivative,2,
NCT05586061,Stomach,Advanced,Disitamab_vedotin,ERBB2,0,Auristatin_derivative,2,
NCT05488353,Bladder,Neoadjuvant,Disitamab_vedotin,ERBB2,0,Auristatin_derivative,4,
NCT05847764,Lung,Advanced/Metastatic,Disitamab_vedotin,ERBB2,0,Auristatin_derivative,2,
NCT05904964,Breast,Metastatic,Disitamab_vedotin,ERBB2,0,Auristatin_derivative,3,
NCT05540483,Biliary_tract,Advanced,Disitamab_vedotin,ERBB2,0,Auristatin_derivative,,phase not available
NCT05720533,Stomach,Advanced/Metastatic,Disitamab_vedotin,ERBB2,0,Auristatin_derivative,2,
NCT05113459,Stomach,Neoadjuvant,Disitamab_vedotin,ERBB2,0,Auristatin_derivative,2,
NCT05726175,Breast,Neoadjuvant,Disitamab_vedotin,ERBB2,0,Auristatin_derivative,2,
NCT05578287,Colon/Rectum,Metastatic,Disitamab_vedotin,ERBB2,0,Auristatin_derivative,2,
NCT05333809,Colon/Rectum,Metastatic,Disitamab_vedotin,ERBB2,0,Auristatin_derivative,2,
NCT05723991,Urothelium,Neoadjuvant,Disitamab_vedotin,ERBB2,0,Auristatin_derivative,4,
NCT05313906,Stomach,Advanced,Disitamab_vedotin,ERBB2,0,Auristatin_derivative,2,
NCT05837806,Urothelium,Neoadjuvant,Disitamab_vedotin,ERBB2,0,Auristatin_derivative,2,
NCT05912205,Bladder,Neoadjuvant,Disitamab_vedotin,ERBB2,0,Auristatin_derivative,2,
NCT05911295,Urothelium,Advanced/Metastatic,Disitamab_vedotin,ERBB2,0,Auristatin_derivative,3,
NCT05627414,Stomach,Advanced/Metastatic,Disitamab_vedotin,ERBB2,0,Auristatin_derivative,2,
NCT04879329,Urothelium,Advanced/Metastatic,Disitamab_vedotin,ERBB2,0,Auristatin_derivative,2,
NCT05495724,Bladder,Advanced,Disitamab_vedotin,ERBB2,0,Auristatin_derivative,2,
NCT05861635,Breast,Neoadjuvant/Advanced,Disitamab_vedotin,ERBB2,0,Auristatin_derivative,4,
NCT05302284,Urothelium,Advanced/Metastatic,Disitamab_vedotin,ERBB2,0,Auristatin_derivative,3,
NCT05661357,Colon/Rectum,Advanced/Metastatic,Disitamab_vedotin,ERBB2,0,Auristatin_derivative,4,
NCT05483933,Ovary,Advanced/Metastatic,Mirvetuximab_soravtansine,FOLR1,0,Maytansinoid,1,
NCT01609556,Ovary,Metastatic,Mirvetuximab_soravtansine,FOLR1,0,Maytansinoid,1,
NCT03832361,Uterus,Advanced/Metastatic,Mirvetuximab_soravtansine,FOLR1,0,Maytansinoid,2,
NCT03552471,Multiple_solid,Metastatic,Mirvetuximab_soravtansine,FOLR1,0,Maytansinoid,1,
NCT03045393,Breast,Adjuvant,Mirvetuximab_soravtansine,FOLR1,0,Maytansinoid,1,
NCT04274426,Ovary,Metastatic,Mirvetuximab_soravtansine,FOLR1,0,Maytansinoid,2,
NCT02996825,Multiple_solid,Metastatic,Mirvetuximab_soravtansine,FOLR1,0,Maytansinoid,1,
NCT03106077,Breast,Advanced/Metastatic,Mirvetuximab_soravtansine,FOLR1,0,Maytansinoid,2,
NCT03836157,Uterus,Advanced/Metastatic,Mirvetuximab_soravtansine,FOLR1,0,Maytansinoid,2,
NCT05041257,Multiple_solid,Metastatic,Mirvetuximab_soravtansine,FOLR1,0,Maytansinoid,2,
NCT03926143,Multiple_solid,Metastatic,Anetumab_ravtansine,MSLN,0,Maytansinoid,2,
NCT02639091,Multiple_solid,Advanced/Metastatic,Anetumab_ravtansine,MSLN,0,Maytansinoid,1,
NCT03102320,Multiple_solid,Advanced/Metastatic,Anetumab_ravtansine,MSLN,0,Maytansinoid,1,
NCT03126630,Pleura,Advanced/Metastatic,Anetumab_ravtansine,MSLN,0,Maytansinoid,2,
NCT02824042,Multiple_solid,Advanced/Metastatic,Anetumab_ravtansine,MSLN,0,Maytansinoid,1,
NCT03816358,Pancreas,Advanced/Metastatic,Anetumab_ravtansine,MSLN,0,Maytansinoid,1,
NCT02610140,Pleura,Advanced/Metastatic,Anetumab_ravtansine,MSLN,0,Maytansinoid,2,
NCT03587311,Multiple_solid,Metastatic,Anetumab_ravtansine,MSLN,0,Maytansinoid,2,
NCT03067935,Breast,Metastatic,Glembatumumab_vedotin,GPNMB,0,Auristatin_derivative,,phase not available
NCT01156753,Breast,Advanced,Glembatumumab_vedotin,GPNMB,0,Auristatin_derivative,2,
NCT02713828,Lung,Advanced/Metastatic,Glembatumumab_vedotin,GPNMB,0,Auristatin_derivative,2,
NCT00704158,Breast,Advanced/Metastatic,Glembatumumab_vedotin,GPNMB,0,Auristatin_derivative,2,
NCT00412828,Melanoma,Advanced/Metastatic,Glembatumumab_vedotin,GPNMB,0,Auristatin_derivative,2,
NCT05041972,Multiple_solid,Advanced/Metastatic,ARX788,ERBB2,0,Auristatin_derivative,2,
NCT05018702,Breast,Metastatic,ARX788,ERBB2,0,Auristatin_derivative,2,
NCT05018676,Breast,Advanced/Metastatic,ARX788,ERBB2,0,Auristatin_derivative,2,
NCT03485209,Multiple_solid,Advanced/Metastatic,Tisotumab_vedotin,F3,0,Auristatin_derivative,2,
NCT03913741,Multiple_solid,Advanced/Metastatic,Tisotumab_vedotin,F3,0,Auristatin_derivative,2,
NCT03786081,Uterus,Metastatic,Tisotumab_vedotin,F3,0,Auristatin_derivative,2,
NCT04697628,Uterus,Metastatic,Tisotumab_vedotin,F3,0,Auristatin_derivative,3,
NCT03245736,Multiple_solid,Advanced/Metastatic,Tisotumab_vedotin,F3,0,Auristatin_derivative,2,
NCT03944772,Lung,Advanced/Metastatic,Datopotamab_deruxtecan,TACSTD2,0,Camptothecin,2,
NCT05061550,Lung,Neoadj/Adjuvant,Datopotamab_deruxtecan,TACSTD2,0,Camptothecin,2,
NCT03401385,Multiple_solid,Advanced/Metastatic,Datopotamab_deruxtecan,TACSTD2,0,Camptothecin,1,
NCT04612751,Lung,Advanced/Metastatic,Datopotamab_deruxtecan,TACSTD2,0,Camptothecin,1,
NCT04526691,Lung,Advanced/Metastatic,Datopotamab_deruxtecan,TACSTD2,0,Camptothecin,1,
NCT04656652,Lung,Advanced/Metastatic,Datopotamab_deruxtecan,TACSTD2,0,Camptothecin,3,
NCT04484142,Lung,Advanced/Metastatic,Datopotamab_deruxtecan,TACSTD2,0,Camptothecin,2,
NCT05555732,Lung,Advanced/Metastatic,Datopotamab_deruxtecan,TACSTD2,0,Camptothecin,3,
NCT05866432,Breast,Metastatic,Datopotamab_deruxtecan,TACSTD2,0,Camptothecin,2,
NCT05215340,Lung,Advanced/Metastatic,Datopotamab_deruxtecan,TACSTD2,0,Camptothecin,3,
NCT03026166,Lung,Advanced/Metastatic,Rovalpituzumab_tesirine,DLL3,0,Pyrrolobenzodiazepine,2,
NCT02709889,Multiple_solid,Advanced/Metastatic,Rovalpituzumab_tesirine,DLL3,0,Pyrrolobenzodiazepine,2,
NCT03086239,Lung,Advanced/Metastatic,Rovalpituzumab_tesirine,DLL3,0,Pyrrolobenzodiazepine,1,
NCT03334487,Lung,Advanced/Metastatic,Rovalpituzumab_tesirine,DLL3,0,Pyrrolobenzodiazepine,3,
NCT03061812,Lung,Advanced/Metastatic,Rovalpituzumab_tesirine,DLL3,0,Pyrrolobenzodiazepine,3,
NCT03000257,Multiple_solid,Advanced/Metastatic,Rovalpituzumab_tesirine,DLL3,0,Pyrrolobenzodiazepine,1,
NCT03543358,Multiple_solid,Advanced/Metastatic,Rovalpituzumab_tesirine,DLL3,0,Pyrrolobenzodiazepine,2,
NCT03033511,Lung,Advanced/Metastatic,Rovalpituzumab_tesirine,DLL3,0,Pyrrolobenzodiazepine,3,
NCT02590263,Brain,Advanced,Depatuxizumab_mafodotin,EGFR,0,Auristatin_derivative,2,
NCT01741727,Multiple_solid,Advanced/Metastatic,Depatuxizumab_mafodotin,EGFR,0,Auristatin_derivative,1,
NCT03123952,Multiple_solid,Advanced/Metastatic,Depatuxizumab_mafodotin,EGFR,0,Auristatin_derivative,,phase not available
NCT01800695,Brain,Advanced/Metastatic,Depatuxizumab_mafodotin,EGFR,0,Auristatin_derivative,1,
NCT04151329,Multiple_solid,Advanced/Metastatic,BAT8001,ERBB2,0,Maytansinoid,2,
NCT05346328,Breast,Advanced/Metastatic,A166,ERBB2,0,Auristatin_derivative,2,
NCT03386942,Multiple_solid,Advanced/Metastatic,MORAb-202,FOLR1,0,Eribulin,1,
NCT00043212,Prostate,Advanced/Metastatic,PSMA-ADC,FOLH1,0,Auristatin_derivative,3,
NCT01856933,Brain,Advanced/Metastatic,PSMA-ADC,FOLH1,0,Auristatin_derivative,2,
NCT00005992,Prostate,Metastatic,PSMA-ADC,FOLH1,0,Auristatin_derivative,1,
NCT04928846,Lung,Advanced/Metastatic,Telisotuzumab_vedotin,MET,0,Auristatin_derivative,3,
NCT05513703,Lung,Advanced/Metastatic,Telisotuzumab_vedotin,MET,0,Auristatin_derivative,2,
NCT03539536,Lung,Metastatic,Telisotuzumab_vedotin,MET,0,Auristatin_derivative,2,
NCT00086333,Lung,Advanced/Metastatic,SGN-15,FUT2,0,Anthracycline,2,
NCT00028483,Breast,Metastatic,SGN-15,FUT2,0,Anthracycline,2,
NCT00051571,Lung,Advanced/Metastatic,SGN-15,FUT2,0,Anthracycline,2,
NCT02988843,Testis,Advanced/Metastatic,Brentuximab_vedotin,TNFRSF8,0,Auristatin_derivative,2,
NCT02689219,Testis,Advanced/Metastatic,Brentuximab_vedotin,TNFRSF8,0,Auristatin_derivative,2,
NCT04609566,Multiple_solid,Metastatic,Brentuximab_vedotin,TNFRSF8,0,Auristatin_derivative,2,
NCT01851200,Testis,Advanced/Metastatic,Brentuximab_vedotin,TNFRSF8,0,Auristatin_derivative,2,