Symbol,Aliases,Full_Name,Function,Ensembl_Gene_ID,source_databases,protein_reproductive,protein_thymus,protein_reliability,rna_reproductive,rna_thymus,protein_strict_expression,rna_reproductive_frac,rna_reproductive_and_thymus_frac,rna_deflated_reproductive_frac,rna_deflated_reproductive_and_thymus_frac,Canonical_Transcript_ID,rna_80_pct_filter,rna_90_pct_filter,rna_95_pct_filter,rna_99_pct_filter,filtered,biotype
NUTM1,,,cancer-testis antigen,ENSG00000184507,CTpedia;daSilva2017,True,False,Enhanced,True,False,testis,0.9648,0.9648,1.0,1.0,ENST00000333756,True,True,True,True,True,protein_coding
CAGE1,,,cancer-testis antigen,ENSG00000164304,CTpedia;daSilva2017,no data,no data,no data,True,False,no data,0.9608,0.9608,1.0,1.0,ENST00000502583,True,True,True,True,True,protein_coding
PAGE1,,,cancer-testis antigen,ENSG00000068985,CTpedia;CTexploreR_CT;daSilva2017,True,False,Enhanced,True,False,testis,0.9941,0.9941,1.0,1.0,ENST00000376150,True,True,True,True,True,protein_coding
PAGE2,,,cancer-testis antigen,ENSG00000234068,CTpedia;CTexploreR_CT;daSilva2017,True,False,Supported,True,False,testis,0.9148,0.9153,1.0,1.0,ENST00000374968,True,True,True,True,True,protein_coding
PAGE2B,,,cancer-testis antigen,ENSG00000238269,CTpedia;CTexploreR_CTP;daSilva2017,True,False,Supported,False,False,testis,0.8164,0.817,0.9483,0.9483,ENST00000374971,True,True,False,False,True,protein_coding
PAGE3,,,cancer-testis antigen,ENSG00000204279,CTpedia;daSilva2017,no data,no data,no data,True,False,no data,1.0,1.0,1.0,1.0,ENST00000374951,True,True,True,True,True,protein_coding
PAGE5,,,cancer-testis antigen,ENSG00000158639,CTpedia;CTexploreR_CT;daSilva2017,True,False,Supported,False,False,testis,0.8805,0.881,1.0,1.0,ENST00000374955,True,True,True,True,True,protein_coding
XAGE1A,,,cancer-testis antigen,ENSG00000204379,CTpedia;CTexploreR_CT,no data,no data,no data,True,False,no data,0.9913,0.9913,1.0,1.0,ENST00000375602,True,True,True,True,True,protein_coding
XAGE1B,,,cancer-testis antigen,ENSG00000204382,CTpedia;CTexploreR_CT;daSilva2017,no data,no data,no data,False,False,no data,0.8806,0.8808,0.987,0.987,ENST00000518075,True,True,True,False,False,protein_coding
XAGE3,,,cancer-testis antigen,ENSG00000171402,CTpedia,True,False,Supported,False,False,placenta,0.9804,0.9804,0.9922,0.9922,ENST00000346279,True,True,True,True,True,protein_coding
XAGE5,,,cancer-testis antigen,ENSG00000171405,CTpedia;CTexploreR_CT;daSilva2017,no data,no data,no data,True,False,no data,1.0,1.0,1.0,1.0,ENST00000375501,True,True,True,True,True,protein_coding
GAGE2A,,,cancer-testis antigen,ENSG00000189064,CTpedia;CTexploreR_CT;daSilva2017,True,False,Supported,True,False,testis,0.9893,0.9893,1.0,1.0,ENST00000362097,True,True,True,True,True,protein_coding
GAGE12H,,,cancer-testis antigen,ENSG00000224902,CTpedia;CTexploreR_CTP;daSilva2017,True,False,Supported,True,False,testis,1.0,1.0,1.0,1.0,ENST00000381722,True,True,True,True,True,protein_coding
GAGE12J,,,cancer-testis antigen,ENSG00000224659,CTpedia;CTexploreR_CTP;daSilva2017,True,False,Supported,False,False,testis,0.8794,0.8794,0.9494,0.9494,ENST00000442437,True,True,False,False,True,protein_coding
GAGE12E,,,cancer-testis antigen,ENSG00000216649,CTpedia;CTexploreR_CT;daSilva2017,True,False,Supported,True,False,testis,1.0,1.0,1.0,1.0,ENST00000381698,True,True,True,True,True,protein_coding
GAGE13,,,cancer-testis antigen,ENSG00000274274,CTpedia;CTexploreR_CT;daSilva2017,True,False,Supported,False,False,testis,0.9729,0.9729,0.9926,0.9926,ENST00000612958,True,True,True,True,True,protein_coding
MAGEA1,,,cancer-testis antigen,ENSG00000198681,CTpedia;CTexploreR_CT;daSilva2017,True,False,Enhanced,True,False,testis,1.0,1.0,1.0,1.0,ENST00000356661,True,True,True,True,True,protein_coding
MAGEA2,,,cancer-testis antigen,ENSG00000268606,CTpedia;CTexploreR_CT;daSilva2017,no data,no data,no data,True,False,no data,1.0,1.0,1.0,1.0,ENST00000611557,True,True,True,True,True,protein_coding
MAGEA4,,,cancer-testis antigen,ENSG00000147381,CTpedia;CTexploreR_CT;daSilva2017,True,False,Enhanced,True,False,placenta; testis,0.9562,0.9562,1.0,1.0,ENST00000682265,True,True,True,True,True,protein_coding
MAGEA6,,,cancer-testis antigen,ENSG00000197172,CTpedia;CTexploreR_CT;daSilva2017,no data,no data,no data,True,False,no data,0.9091,0.9091,1.0,1.0,ENST00000616035,True,True,True,True,True,protein_coding
MAGEA3,,,cancer-testis antigen,ENSG00000221867,CTpedia;CTexploreR_CT;daSilva2017,no data,no data,no data,True,False,no data,0.9759,0.9759,1.0,1.0,ENST00000598245,True,True,True,True,True,protein_coding
MAGEA9,,,cancer-testis antigen,ENSG00000123584,CTpedia;CTexploreR_CT;daSilva2017,no data,no data,no data,True,False,no data,1.0,1.0,1.0,1.0,ENST00000243314,True,True,True,True,True,protein_coding
MAGEA9B,,,cancer-testis antigen,ENSG00000267978,CTpedia;CTexploreR_CT;daSilva2017,no data,no data,no data,True,False,no data,0.9346,0.9346,1.0,1.0,ENST00000595065,True,True,True,True,True,protein_coding
MAGEA10,,,cancer-testis antigen,ENSG00000124260,CTpedia;CTexploreR_CT,True,False,Approved,True,False,placenta; testis,0.8529,0.8529,1.0,1.0,ENST00000370323,True,True,True,True,True,protein_coding
MAGEA11,,,cancer-testis antigen,ENSG00000185247,CTpedia;CTexploreR_CT;daSilva2017,no data,no data,no data,False,False,no data,0.1938,0.1938,0.1807,0.1807,ENST00000333104,False,False,False,False,False,protein_coding
MAGEB1,,,cancer-testis antigen,ENSG00000214107,CTpedia;CTexploreR_CT;daSilva2017,True,False,Enhanced,True,False,testis,0.9677,0.9677,1.0,1.0,ENST00000378981,True,True,True,True,True,protein_coding
MAGEB2,,,cancer-testis antigen,ENSG00000099399,CTpedia;CTexploreR_CT;daSilva2017,True,False,Enhanced,True,False,testis,0.9932,0.9932,1.0,1.0,ENST00000378988,True,True,True,True,True,protein_coding
MAGEB3,,,cancer-testis antigen,ENSG00000198798,CTpedia;daSilva2017,False,False,Approved,False,False,epididymis; testis,0.2207,0.2207,0.2311,0.2311,ENST00000361644,False,False,False,False,False,protein_coding
MAGEB5,,,cancer-testis antigen,ENSG00000188408,CTpedia;daSilva2017,no data,no data,no data,False,False,no data,1.0,1.0,1.0,1.0,ENST00000602297,True,True,True,True,True,protein_coding
MAGEB6B,,,cancer-testis antigen,ENSG00000232030,CTpedia,no data,no data,no data,False,False,no data,1.0,1.0,1.0,1.0,ENST00000416929,True,True,True,True,True,protein_coding
MAGEB16,,,cancer-testis antigen,ENSG00000189023,CTpedia;CTexploreR_CT;daSilva2017,no data,no data,no data,True,False,no data,1.0,1.0,1.0,1.0,ENST00000399988,True,True,True,True,True,protein_coding
MAGEB18,,,cancer-testis antigen,ENSG00000176774,CTpedia;daSilva2017,True,False,Enhanced,False,False,testis,1.0,1.0,1.0,1.0,ENST00000325250,True,True,True,True,True,protein_coding
MAGEC1,,,cancer-testis antigen,ENSG00000155495,CTpedia;CTexploreR_CT;daSilva2017,True,False,Enhanced,True,False,testis,0.9861,0.9861,1.0,1.0,ENST00000285879,True,True,True,True,True,protein_coding
MAGEC2,,,cancer-testis antigen,ENSG00000046774,CTpedia;CTexploreR_CT;daSilva2017,True,False,Enhanced,True,False,testis,1.0,1.0,1.0,1.0,ENST00000247452,True,True,True,True,True,protein_coding
DAZ1,,,cancer-testis antigen,ENSG00000188120,CTpedia;daSilva2017,True,False,Supported,True,False,testis,0.9091,0.9091,1.0,1.0,ENST00000405239,True,True,True,True,True,protein_coding
DAZ3,,,cancer-testis antigen,ENSG00000187191,CTpedia;daSilva2017,True,False,Approved,True,False,testis,0.6087,0.6087,1.0,1.0,ENST00000446723,True,True,True,True,True,protein_coding
DAZL,,,cancer-testis antigen,ENSG00000092345,CTpedia;daSilva2017,True,False,Enhanced,True,False,testis,0.9664,0.9664,1.0,1.0,ENST00000454457,True,True,True,True,True,protein_coding
BSPH1,,,cancer-testis antigen,ENSG00000188334,CTpedia;daSilva2017,False,False,Enhanced,False,False,epididymis,0.0,0.0,0.0026,0.0026,ENST00000344839,False,False,False,False,False,protein_coding
SPAG11A,,,cancer-testis antigen,ENSG00000178287,CTpedia;daSilva2017,False,False,Supported,False,False,epididymis,0.0,0.0,0.0002,0.0002,ENST00000528033,False,False,False,False,False,protein_coding
SPANXA1,,,cancer-testis antigen,ENSG00000198021,CTpedia;daSilva2017,True,False,Supported,True,False,testis,1.0,1.0,1.0,1.0,ENST00000370519,True,True,True,True,True,protein_coding
SPANXA2,,,cancer-testis antigen,ENSG00000203926,CTpedia;daSilva2017,True,False,Supported,True,False,testis,1.0,1.0,1.0,1.0,ENST00000370518,True,True,True,True,True,protein_coding
SPANXB1,,,cancer-testis antigen,ENSG00000227234,CTpedia;CTexploreR_CT;daSilva2017,True,False,Supported,False,False,testis,0.9785,0.9785,1.0,1.0,ENST00000449283,True,True,True,True,True,protein_coding
SPANXC,,,cancer-testis antigen,ENSG00000198573,CTpedia;CTexploreR_CT;daSilva2017,True,False,Supported,True,False,testis,1.0,1.0,1.0,1.0,ENST00000358993,True,True,True,True,True,protein_coding
SPANXD,,,cancer-testis antigen,ENSG00000196406,CTpedia;CTexploreR_CT;daSilva2017,True,False,Supported,True,False,testis,1.0,1.0,1.0,1.0,ENST00000370515,True,True,True,True,True,protein_coding
SPANXN1,,,cancer-testis antigen,ENSG00000203923,CTpedia;daSilva2017,no data,no data,no data,True,False,no data,1.0,1.0,1.0,1.0,ENST00000370493,True,True,True,True,True,protein_coding
SPANXN2,,,cancer-testis antigen,ENSG00000268988,CTpedia;daSilva2017,no data,no data,no data,True,False,no data,1.0,1.0,1.0,1.0,ENST00000598475,True,True,True,True,True,protein_coding
SPANXN3,,,cancer-testis antigen,ENSG00000189252,CTpedia;daSilva2017,no data,no data,no data,True,False,no data,0.9734,0.9734,1.0,1.0,ENST00000370503,True,True,True,True,True,protein_coding
SPANXN4,,,cancer-testis antigen,ENSG00000189326,CTpedia;daSilva2017,no data,no data,no data,True,False,no data,1.0,1.0,1.0,1.0,ENST00000370504,True,True,True,True,True,protein_coding
SPANXN5,,,cancer-testis antigen,ENSG00000204363,CTpedia;daSilva2017,no data,no data,no data,True,False,no data,1.0,1.0,1.0,1.0,ENST00000375511,True,True,True,True,True,protein_coding
ODF1,,,cancer-testis antigen,ENSG00000155087,CTpedia;daSilva2017,True,False,Approved,True,False,testis,0.9915,0.9915,1.0,1.0,ENST00000285402,True,True,True,True,True,protein_coding
ODF3,CIMAP1A,,cancer-testis antigen,ENSG00000177947,CTpedia;daSilva2017,True,False,Enhanced,True,False,testis,0.9579,0.9579,1.0,1.0,ENST00000325113,True,True,True,True,True,protein_coding
ODF4,,,cancer-testis antigen,ENSG00000184650,CTpedia;daSilva2017,True,False,Enhanced,True,False,testis,1.0,1.0,1.0,1.0,ENST00000328248,True,True,True,True,True,protein_coding
ROPN1B,,,cancer-testis antigen,ENSG00000114547,CTpedia;CTexploreR_CTP;daSilva2017,False,False,Supported,False,False,epididymis; testis,0.6617,0.6617,0.7134,0.7134,ENST00000251776,False,False,False,False,False,protein_coding
SPAM1,,,cancer-testis antigen,ENSG00000106304,CTpedia;daSilva2017,True,False,Enhanced,True,False,testis,0.9444,0.9444,1.0,1.0,ENST00000340011,True,True,True,True,True,protein_coding
SPATA4,,,cancer-testis antigen,ENSG00000150628,CTpedia;CTexploreR_CTP;daSilva2017,True,False,Enhanced,False,False,testis,0.8028,0.8028,0.9063,0.9063,ENST00000280191,True,True,False,False,True,protein_coding
SPATA12,,,cancer-testis antigen,ENSG00000186451,CTpedia;daSilva2017,True,False,Enhanced,True,False,testis,0.9005,0.9005,1.0,1.0,ENST00000334325,True,True,True,True,True,protein_coding
SPATA16,,,cancer-testis antigen,ENSG00000144962,CTpedia;daSilva2017,True,False,Enhanced,True,False,testis,1.0,1.0,1.0,1.0,ENST00000351008,True,True,True,True,True,protein_coding
SPATA19,,,cancer-testis antigen,ENSG00000166118,CTpedia;daSilva2017,True,False,Enhanced,True,False,testis,0.9909,0.9909,1.0,1.0,ENST00000299140,True,True,True,True,True,protein_coding
SPATA22,,,cancer-testis antigen,ENSG00000141255,CTpedia;CTexploreR_CTP;daSilva2017,no data,no data,no data,False,False,no data,0.9216,0.9217,0.9921,0.9921,ENST00000541913,True,True,True,True,True,protein_coding
SPATA31E1,,,cancer-testis antigen,ENSG00000177992,CTpedia;daSilva2017,True,False,Enhanced,True,False,testis,1.0,1.0,1.0,1.0,ENST00000325643,True,True,True,True,True,protein_coding
SPATA31A1,,,cancer-testis antigen,ENSG00000204849,CTpedia;daSilva2017,no data,no data,no data,True,False,no data,1.0,1.0,1.0,1.0,ENST00000377647,True,True,True,True,True,protein_coding
SPATA31A3,,,cancer-testis antigen,ENSG00000275969,CTpedia;daSilva2017,no data,no data,no data,True,False,no data,1.0,1.0,1.0,1.0,ENST00000428649,True,True,True,True,True,protein_coding
SPATA31A5,,,cancer-testis antigen,ENSG00000276581,CTpedia;daSilva2017,no data,no data,no data,True,False,no data,1.0,1.0,1.0,1.0,ENST00000437823,True,True,True,True,True,protein_coding
SPATA31A6,,,cancer-testis antigen,ENSG00000185775,CTpedia;daSilva2017,no data,no data,no data,True,False,no data,1.0,1.0,1.0,1.0,ENST00000332857,True,True,True,True,True,protein_coding
SPATA31A7,,,cancer-testis antigen,ENSG00000276040,CTpedia;daSilva2017,no data,no data,no data,True,False,no data,1.0,1.0,1.0,1.0,ENST00000619167,True,True,True,True,True,protein_coding
SPATA31D3,,,cancer-testis antigen,ENSG00000186788,CTpedia;daSilva2017,no data,no data,no data,True,False,no data,1.0,1.0,1.0,1.0,ENST00000445385,True,True,True,True,True,protein_coding
SPATA31D4,,,cancer-testis antigen,ENSG00000189357,CTpedia;daSilva2017,no data,no data,no data,True,False,no data,1.0,1.0,1.0,1.0,ENST00000419782,True,True,True,True,True,protein_coding
SPATA32,,,cancer-testis antigen,ENSG00000184361,CTpedia;daSilva2017,True,False,Approved,True,False,testis,0.9443,0.9443,1.0,1.0,ENST00000331780,True,True,True,True,True,protein_coding
SPACA1,,,cancer-testis antigen,ENSG00000118434,CTpedia;daSilva2017,True,False,Enhanced,True,False,testis,0.9975,0.9975,1.0,1.0,ENST00000237201,True,True,True,True,True,protein_coding
SPACA3,,,cancer-testis antigen,ENSG00000141316,CTpedia;CTexploreR_CTP;daSilva2017,True,False,Enhanced,False,False,testis,0.826,0.826,0.8584,0.8584,ENST00000580599,True,False,False,False,True,protein_coding
CATSPERD,,,cancer-testis antigen,ENSG00000174898,CTpedia;daSilva2017,True,False,Enhanced,True,False,testis,1.0,1.0,1.0,1.0,ENST00000381624,True,True,True,True,True,protein_coding
CATSPER4,,,cancer-testis antigen,ENSG00000188782,CTpedia;daSilva2017,True,False,Enhanced,True,False,testis,0.982,0.982,1.0,1.0,ENST00000456354,True,True,True,True,True,protein_coding
CTAG1A,,,cancer-testis antigen,ENSG00000268651,CTpedia;CTexploreR_CT;daSilva2017,True,False,Enhanced,True,False,testis,0.9878,0.9878,1.0,1.0,ENST00000593606,True,True,True,True,True,protein_coding
CTAG1B,,,cancer-testis antigen,ENSG00000184033,CTpedia;CTexploreR_CT;daSilva2017,True,False,Enhanced,True,False,testis,0.9367,0.9367,1.0,1.0,ENST00000328435,True,True,True,True,True,protein_coding
CTAGE1,,,cancer-testis antigen,ENSG00000212710,CTpedia;daSilva2017,no data,no data,no data,True,False,no data,1.0,1.0,1.0,1.0,ENST00000391403,True,True,True,True,True,protein_coding
CTAGE6,,,cancer-testis antigen,ENSG00000271321,CTpedia;daSilva2017,no data,no data,no data,True,False,no data,0.9527,0.9527,1.0,1.0,ENST00000470691,True,True,True,True,True,protein_coding
CTAGE9,,,cancer-testis antigen,ENSG00000236761,CTpedia;daSilva2017,no data,no data,no data,True,False,no data,0.9,0.9,1.0,1.0,ENST00000314099,True,True,True,True,True,protein_coding
SSX1,,,cancer-testis antigen,ENSG00000126752,CTpedia;CTexploreR_CT;daSilva2017,True,False,Supported,True,False,testis,0.9,0.9,1.0,1.0,ENST00000376919,True,True,True,True,True,protein_coding
SSX2,,,cancer-testis antigen,ENSG00000241476,CTpedia;CTexploreR_CT;daSilva2017,True,False,Enhanced,True,False,testis,0.9878,0.9878,1.0,1.0,ENST00000337502,True,True,True,True,True,protein_coding
SSX2B,,,cancer-testis antigen,ENSG00000268447,CTpedia;CTexploreR_CT;daSilva2017,True,False,Supported,True,False,testis,0.9706,0.9706,1.0,1.0,ENST00000616191,True,True,True,True,True,protein_coding
SSX3,,,cancer-testis antigen,ENSG00000165584,CTpedia;daSilva2017,True,False,Supported,True,False,testis,0.9776,0.9776,1.0,1.0,ENST00000298396,True,True,True,True,True,protein_coding
SSX4,,,cancer-testis antigen,ENSG00000268009,CTpedia;daSilva2017,True,False,Supported,True,False,testis,0.8611,0.8611,1.0,1.0,ENST00000620320,True,True,True,True,True,protein_coding
TSPY1,,,cancer-testis antigen,ENSG00000258992,CTpedia;CTexploreR_CT;daSilva2017,True,False,Supported,True,False,testis,1.0,1.0,1.0,1.0,ENST00000451548,True,True,True,True,True,protein_coding
TSPY2,,,cancer-testis antigen,ENSG00000168757,CTpedia;CTexploreR_CT;daSilva2017,True,False,Supported,True,False,testis,1.0,1.0,1.0,1.0,ENST00000320701,True,True,True,True,True,protein_coding
TSPY3,,,cancer-testis antigen,ENSG00000228927,CTpedia;CTexploreR_CT;daSilva2017,True,False,Supported,True,False,testis,0.8056,0.8056,1.0,1.0,ENST00000457222,True,True,True,True,True,protein_coding
TSPY4,,,cancer-testis antigen,ENSG00000233803,CTpedia;CTexploreR_CT;daSilva2017,True,False,Supported,True,False,testis,0.9845,0.9845,1.0,1.0,ENST00000426950,True,True,True,True,True,protein_coding
TSPY8,,,cancer-testis antigen,ENSG00000229549,CTpedia;daSilva2017,True,False,Supported,True,False,testis,1.0,1.0,1.0,1.0,ENST00000287721,True,True,True,True,True,protein_coding
TSPY9,TSPY9P,,cancer-testis antigen,ENSG00000238074,CTpedia;CTexploreR_CT,False,False,Supported,True,False,adrenal gland; stomach 1; stomach 2; testis,0.9797,0.9797,1.0,1.0,ENST00000440215,True,True,True,True,False,protein_coding
TSPY10,,,cancer-testis antigen,ENSG00000236424,CTpedia;daSilva2017,True,False,Supported,True,False,testis,0.95,0.95,1.0,1.0,ENST00000428845,True,True,True,True,True,protein_coding
TSPYL6,,,cancer-testis antigen,ENSG00000178021,CTpedia;daSilva2017,True,False,Enhanced,True,False,testis,0.963,0.963,1.0,1.0,ENST00000317802,True,True,True,True,True,protein_coding
MORC1,,,cancer-testis antigen,ENSG00000114487,CTpedia;daSilva2017,True,False,Enhanced,True,False,testis,0.9181,0.9181,1.0,1.0,ENST00000232603,True,True,True,True,True,protein_coding
TFDP3,,,cancer-testis antigen,ENSG00000183434,CTpedia;daSilva2017,no data,no data,no data,True,False,no data,0.9762,0.9762,1.0,1.0,ENST00000310125,True,True,True,True,True,protein_coding
LUZP4,,,cancer-testis antigen,ENSG00000102021,CTpedia;daSilva2017,True,False,Enhanced,True,False,testis,1.0,1.0,1.0,1.0,ENST00000371920,True,True,True,True,True,protein_coding
DKKL1,,,cancer-testis antigen,ENSG00000104901,CTpedia;CTexploreR_CTP;daSilva2017,True,False,Enhanced,False,False,testis,0.9517,0.9517,0.9994,0.9994,ENST00000594268,True,True,True,True,True,protein_coding
SPO11,,,cancer-testis antigen,ENSG00000054796,CTpedia;daSilva2017,no data,no data,no data,True,False,no data,1.0,1.0,1.0,1.0,ENST00000371263,True,True,True,True,True,protein_coding
CRISP2,,,cancer-testis antigen,ENSG00000124490,CTpedia;CTexploreR_CTP;daSilva2017,True,False,Enhanced,False,False,testis,0.8602,0.8602,0.8882,0.8882,ENST00000616725,True,False,False,False,True,protein_coding
FMR1NB,,,cancer-testis antigen,ENSG00000176988,CTpedia;CTexploreR_CT;daSilva2017,True,False,Enhanced,True,False,testis,0.9947,0.9947,1.0,1.0,ENST00000370467,True,True,True,True,True,protein_coding
TPTE,,,cancer-testis antigen,ENSG00000274391,CTpedia;daSilva2017,True,False,Enhanced,True,False,testis,0.9937,0.9937,1.0,1.0,ENST00000622113,True,True,True,True,True,protein_coding
CT45A2,,,cancer-testis antigen,ENSG00000271449,CTpedia;daSilva2017,True,False,Supported,False,False,testis,1.0,1.0,1.0,1.0,ENST00000612907,True,True,True,True,True,protein_coding
CT45A7,,,cancer-testis antigen,ENSG00000273696,CTpedia;CTexploreR_CT;daSilva2017,True,False,Supported,False,False,testis,0.6667,0.6667,1.0,1.0,ENST00000610598,True,True,True,True,True,protein_coding
CT47A1,,,cancer-testis antigen,ENSG00000236371,CTpedia;CTexploreR_CT;daSilva2017,True,False,Supported,False,False,testis,1.0,1.0,1.0,1.0,ENST00000433030,True,True,True,True,True,protein_coding
CT47A2,,,cancer-testis antigen,ENSG00000242362,CTpedia;daSilva2017,True,False,Supported,False,False,testis,1.0,1.0,1.0,1.0,ENST00000458218,True,True,True,True,True,protein_coding
CT47A3,,,cancer-testis antigen,ENSG00000236126,CTpedia;daSilva2017,True,False,Supported,False,False,testis,1.0,1.0,1.0,1.0,ENST00000441330,True,True,True,True,True,protein_coding
CT47A4,,,cancer-testis antigen,ENSG00000230594,CTpedia;daSilva2017,True,False,Supported,False,False,testis,1.0,1.0,1.0,1.0,ENST00000415858,True,True,True,True,True,protein_coding
CT47A5,,,cancer-testis antigen,ENSG00000237957,CTpedia;daSilva2017,True,False,Supported,False,False,testis,1.0,1.0,1.0,1.0,ENST00000439466,True,True,True,True,True,protein_coding
CT47A6,,,cancer-testis antigen,ENSG00000226023,CTpedia;daSilva2017,True,False,Supported,False,False,testis,1.0,1.0,1.0,1.0,ENST00000419194,True,True,True,True,True,protein_coding
CT47A7,,,cancer-testis antigen,ENSG00000228517,CTpedia;daSilva2017,True,False,Supported,False,False,testis,1.0,1.0,1.0,1.0,ENST00000434883,True,True,True,True,True,protein_coding
CT47A11,,,cancer-testis antigen,ENSG00000226929,CTpedia;CTexploreR_CT;daSilva2017,True,False,Supported,False,False,testis,1.0,1.0,1.0,1.0,ENST00000457020,True,True,True,True,True,protein_coding
CT47A12,,,cancer-testis antigen,ENSG00000226685,CTpedia;CTexploreR_CT;daSilva2017,True,False,Supported,True,False,testis,1.0,1.0,1.0,1.0,ENST00000419982,True,True,True,True,True,protein_coding
CT47B1,,,cancer-testis antigen,ENSG00000236446,CTpedia;daSilva2017,True,False,Supported,True,False,testis,1.0,1.0,1.0,1.0,ENST00000371311,True,True,True,True,True,protein_coding
CT83,,,cancer-testis antigen,ENSG00000204019,CTpedia;CTexploreR_CTP;daSilva2017,no data,no data,no data,False,False,no data,0.9555,0.9555,0.9749,0.9749,ENST00000371894,True,True,True,False,False,protein_coding
TEX13A,,,cancer-testis antigen,ENSG00000268629,CTpedia;daSilva2017,True,False,Enhanced,True,False,placenta; testis,1.0,1.0,1.0,1.0,ENST00000600991,True,True,True,True,True,protein_coding
TEX19,,,cancer-testis antigen,ENSG00000182459,CTpedia;CTexploreR_CTP;daSilva2017,True,False,Enhanced,True,False,testis,1.0,1.0,1.0,1.0,ENST00000333437,True,True,True,True,True,protein_coding
TEX33,CIMIP4,,cancer-testis antigen,ENSG00000185264,CTpedia;daSilva2017,True,False,Enhanced,True,False,testis,0.9989,0.9989,1.0,1.0,ENST00000381821,True,True,True,True,True,protein_coding
TEX35,,,cancer-testis antigen,ENSG00000240021,CTpedia;daSilva2017,True,False,Approved,False,False,testis,0.88,0.8802,0.9778,0.9778,ENST00000367639,True,True,True,False,True,protein_coding
TEX37,SPMIP9,,cancer-testis antigen,ENSG00000172073,CTpedia;daSilva2017,True,False,Enhanced,True,False,testis,1.0,1.0,1.0,1.0,ENST00000303254,True,True,True,True,True,protein_coding
TEX38,,,cancer-testis antigen,ENSG00000186118,CTpedia;daSilva2017,no data,no data,no data,True,False,no data,0.9783,0.9783,1.0,1.0,ENST00000564071,True,True,True,True,True,protein_coding
TEX44,,,cancer-testis antigen,ENSG00000177673,CTpedia,True,False,Enhanced,True,False,testis,0.998,0.998,1.0,1.0,ENST00000313965,True,True,True,True,True,protein_coding
TEX101,,,cancer-testis antigen,ENSG00000131126,CTpedia;CTexploreR_CTP;daSilva2017,True,False,Enhanced,False,True,testis,0.8825,0.8834,0.9879,0.9879,ENST00000602198,True,True,True,False,True,protein_coding
PATE1,,,cancer-testis antigen,ENSG00000171053,CTpedia,False,False,Approved,False,False,epididymis; seminal vesicle; testis,0.0,0.0,0.0005,0.0005,ENST00000305738,False,False,False,False,False,protein_coding
PATE4,,,cancer-testis antigen,ENSG00000237353,CTpedia,True,False,Approved,False,False,testis,0.004,0.004,0.0084,0.0084,ENST00000457514,False,False,False,False,False,protein_coding
PRSS54,,,cancer-testis antigen,ENSG00000103023,CTpedia;daSilva2017,True,False,Enhanced,True,False,testis,0.995,0.995,1.0,1.0,ENST00000219301,True,True,True,True,True,protein_coding
PHF7,,,cancer-testis antigen,ENSG00000010318,CTpedia;daSilva2017,True,False,Enhanced,False,True,testis,0.9126,0.9128,0.945,0.9451,ENST00000327906,True,True,False,False,True,protein_coding
SLCO6A1,,,cancer-testis antigen,ENSG00000205359,CTpedia;daSilva2017,True,False,Enhanced,True,False,testis,1.0,1.0,1.0,1.0,ENST00000506729,True,True,True,True,True,protein_coding
TEKT5,,,cancer-testis antigen,ENSG00000153060,CTpedia;CTexploreR_CTP;daSilva2017,no data,no data,no data,True,False,no data,0.8067,0.8067,1.0,1.0,ENST00000283025,True,True,True,True,True,protein_coding
DMRT1,,,cancer-testis antigen,ENSG00000137090,CTpedia;CTexploreR_CT;daSilva2017,True,False,Enhanced,True,False,testis,0.9812,0.9812,1.0,1.0,ENST00000382276,True,True,True,True,True,protein_coding
DMRTC2,,,cancer-testis antigen,ENSG00000142025,CTpedia;daSilva2017,True,False,Uncertain,True,False,testis,0.9475,0.9475,1.0,1.0,ENST00000269945,True,True,True,True,True,protein_coding
DNAJB8,,,cancer-testis antigen,ENSG00000179407,CTpedia;daSilva2017,no data,no data,no data,True,False,no data,1.0,1.0,1.0,1.0,ENST00000469083,True,True,True,True,True,protein_coding
SAGE1,,,cancer-testis antigen,ENSG00000181433,CTpedia;CTexploreR_CT;daSilva2017,True,False,Enhanced,True,False,testis,0.8393,0.8393,1.0,1.0,ENST00000324447,True,True,True,True,True,protein_coding
LIPI,,,cancer-testis antigen,ENSG00000188992,CTpedia,no data,no data,no data,False,False,no data,0.0002,0.0002,0.0024,0.0024,ENST00000681601,False,False,False,False,False,protein_coding
ADAM2,,,cancer-testis antigen,ENSG00000104755,CTpedia;daSilva2017,True,False,Enhanced,True,False,testis,1.0,1.0,1.0,1.0,ENST00000265708,True,True,True,True,True,protein_coding
PLAC1,,,cancer-testis antigen,ENSG00000170965,CTpedia,True,False,Enhanced,True,False,placenta,0.9691,0.9691,1.0,1.0,ENST00000359237,True,True,True,True,True,protein_coding
CABS1,,,cancer-testis antigen,ENSG00000145309,CTpedia;daSilva2017,True,False,Enhanced,False,False,testis,0.9628,0.9628,0.9727,0.9727,ENST00000273936,True,True,True,False,True,protein_coding
FATE1,,,cancer-testis antigen,ENSG00000147378,CTpedia;daSilva2017,True,False,Enhanced,True,True,testis,0.9651,0.9655,1.0,1.0,ENST00000370350,True,True,True,True,True,protein_coding
HORMAD1,,,cancer-testis antigen,ENSG00000143452,CTpedia;CTexploreR_CTP;daSilva2017,True,False,Enhanced,False,False,testis,0.879,0.879,0.9338,0.9338,ENST00000361824,True,True,False,False,True,protein_coding
ACRBP,,,cancer-testis antigen,ENSG00000111644,CTpedia,True,False,Enhanced,False,True,testis,0.6829,0.6852,0.7563,0.7576,ENST00000229243,False,False,False,False,False,protein_coding
TSKS,,,cancer-testis antigen,ENSG00000126467,CTpedia,True,False,Enhanced,False,False,testis,0.8837,0.884,0.9898,0.9898,ENST00000246801,True,True,True,False,True,protein_coding
CCDC42,,,cancer-testis antigen,ENSG00000161973,CTpedia;daSilva2017,no data,no data,no data,True,False,no data,0.9809,0.9809,1.0,1.0,ENST00000293845,True,True,True,True,True,protein_coding
ADAD1,,,cancer-testis antigen,ENSG00000164113,CTpedia;daSilva2017,no data,no data,no data,True,False,no data,1.0,1.0,1.0,1.0,ENST00000296513,True,True,True,True,True,protein_coding
RIMBP3,,,cancer-testis antigen,ENSG00000275793,CTpedia;daSilva2017,True,False,Supported,True,True,testis,0.8152,0.8205,1.0,1.0,ENST00000619918,True,True,True,True,True,protein_coding
TENT5D,,,cancer-testis antigen,ENSG00000174016,CTpedia,no data,no data,no data,True,False,no data,1.0,1.0,1.0,1.0,ENST00000538312,True,True,True,True,True,protein_coding
PRAME,,,cancer-testis antigen,ENSG00000185686,CTpedia;CTexploreR_CTP;daSilva2017,True,False,Enhanced,False,False,testis,0.806,0.8063,0.8787,0.8787,ENST00000398743,True,False,False,False,True,protein_coding
PRAMEF18,,,cancer-testis antigen,ENSG00000279804,CTpedia,no data,no data,no data,False,False,no data,1.0,1.0,1.0,1.0,ENST00000624297,True,True,True,True,True,protein_coding
PRAMEF20,,,cancer-testis antigen,ENSG00000204478,CTpedia;daSilva2017,no data,no data,no data,False,False,no data,1.0,1.0,1.0,1.0,ENST00000602960,True,True,True,True,True,protein_coding
CBLL2,,,cancer-testis antigen,ENSG00000175809,CTpedia,no data,no data,no data,True,False,no data,1.0,1.0,1.0,1.0,ENST00000323684,True,True,True,True,True,protein_coding
CPXCR1,,,cancer-testis antigen,ENSG00000147183,CTpedia;daSilva2017,no data,no data,no data,True,False,no data,0.9841,0.9841,1.0,1.0,ENST00000276127,True,True,True,True,True,protein_coding
TULP2,,,cancer-testis antigen,ENSG00000104804,CTpedia,no data,no data,no data,True,False,no data,0.8298,0.8298,1.0,1.0,ENST00000221399,True,True,True,True,True,protein_coding
EPPIN,,,cancer-testis antigen,ENSG00000101448,CTpedia;daSilva2017,True,False,Supported,False,False,testis,0.1974,0.1974,0.2034,0.2034,ENST00000354280,False,False,False,False,False,protein_coding
ACTL8,,,cancer-testis antigen,ENSG00000117148,CTpedia;daSilva2017,no data,no data,no data,True,False,no data,0.939,0.939,1.0,1.0,ENST00000375406,True,True,True,True,True,protein_coding
SPEM1,,,cancer-testis antigen,ENSG00000181323,CTpedia;daSilva2017,no data,no data,no data,True,False,no data,0.997,0.997,1.0,1.0,ENST00000323675,True,True,True,True,True,protein_coding
THEG,SPMAP2,,cancer-testis antigen,ENSG00000105549,CTpedia;daSilva2017,no data,no data,no data,False,False,no data,0.8515,0.8515,0.9538,0.9538,ENST00000342640,True,True,True,False,False,protein_coding
PRM1,,,cancer-testis antigen,ENSG00000175646,CTpedia;daSilva2017,True,False,Enhanced,False,False,testis,0.9938,0.9938,0.9962,0.9962,ENST00000312511,True,True,True,True,True,protein_coding
PRM2,,,cancer-testis antigen,ENSG00000122304,CTpedia;daSilva2017,True,False,Enhanced,False,False,testis,0.9938,0.9938,0.9965,0.9965,ENST00000241808,True,True,True,True,True,protein_coding
PRM3,,,cancer-testis antigen,ENSG00000178257,CTpedia;daSilva2017,no data,no data,no data,False,False,no data,0.9351,0.9351,0.9785,0.9785,ENST00000327157,True,True,True,False,False,protein_coding
AKAP4,,,cancer-testis antigen,ENSG00000147081,CTpedia;daSilva2017,True,False,Enhanced,True,False,testis,0.9989,0.9989,1.0,1.0,ENST00000358526,True,True,True,True,True,protein_coding
TNP2,,,cancer-testis antigen,ENSG00000178279,CTpedia;daSilva2017,no data,no data,no data,True,False,no data,1.0,1.0,1.0,1.0,ENST00000560751,True,True,True,True,True,protein_coding
CGB8,,,cancer-testis antigen,ENSG00000213030,CTpedia;daSilva2017,True,False,Supported,False,False,placenta; testis,0.8873,0.8873,0.933,0.933,ENST00000448456,True,True,False,False,True,protein_coding
PSG9,,,cancer-testis antigen,ENSG00000183668,CTpedia,True,False,Supported,True,False,placenta; testis,0.9709,0.9709,1.0,1.0,ENST00000418820,True,True,True,True,True,protein_coding
PSG8,,,cancer-testis antigen,ENSG00000124467,CTpedia;daSilva2017,True,False,Supported,True,False,placenta; testis,0.9692,0.9692,1.0,1.0,ENST00000404209,True,True,True,True,True,protein_coding
PSG11,,,cancer-testis antigen,ENSG00000243130,CTpedia;daSilva2017,True,False,Enhanced,True,False,placenta; testis,0.9884,0.9884,1.0,1.0,ENST00000320078,True,True,True,True,True,protein_coding
PSG1,,,cancer-testis antigen,ENSG00000231924,CTpedia,True,False,Supported,True,False,placenta; testis,0.9898,0.9898,1.0,1.0,ENST00000436291,True,True,True,True,True,protein_coding
PSG3,,,cancer-testis antigen,ENSG00000221826,CTpedia;daSilva2017,True,False,Supported,True,False,placenta; testis,0.9914,0.9914,1.0,1.0,ENST00000327495,True,True,True,True,True,protein_coding
CSH2,,,cancer-testis antigen,ENSG00000213218,CTpedia;daSilva2017,True,False,Supported,False,True,placenta,0.9886,0.9886,0.9909,0.9909,ENST00000336844,True,True,True,True,True,protein_coding
PSG5,,,cancer-testis antigen,ENSG00000204941,CTpedia,True,False,Supported,True,False,placenta; testis,0.9714,0.9714,1.0,1.0,ENST00000366175,True,True,True,True,True,protein_coding
TRIM64,,,cancer-testis antigen,ENSG00000204450,CTpedia,True,False,Approved,True,False,placenta,1.0,1.0,1.0,1.0,ENST00000533122,True,True,True,True,True,protein_coding
EGFL6,,,cancer-testis antigen,ENSG00000198759,CTpedia,True,False,Enhanced,False,False,placenta,0.8745,0.8745,0.9067,0.9067,ENST00000361306,True,True,False,False,True,protein_coding
LIN28B,,,cancer-testis antigen,ENSG00000187772,CTpedia;daSilva2017,True,False,Enhanced,False,False,placenta,0.9426,0.9426,0.9925,0.9925,ENST00000635857,True,True,True,True,True,protein_coding
ADAM29,,,cancer-testis antigen,ENSG00000168594,CTpedia;daSilva2017,no data,no data,no data,True,False,no data,0.9684,0.9684,1.0,1.0,ENST00000359240,True,True,True,True,True,protein_coding
CABYR,,,cancer-testis antigen,ENSG00000154040,CTpedia;daSilva2017,True,False,Enhanced,False,True,testis,0.6992,0.7002,0.7772,0.7774,ENST00000399481,False,False,False,False,False,protein_coding
CCDC33,,,cancer-testis antigen,ENSG00000140481,CTpedia,no data,no data,no data,False,False,no data,0.3561,0.3561,0.4298,0.4298,ENST00000635913,False,False,False,False,False,protein_coding
CTCFL,,,cancer-testis antigen,ENSG00000124092,CTpedia;CTexploreR_CT;daSilva2017,True,False,Enhanced,True,False,testis,0.5463,0.5485,1.0,1.0,ENST00000423479,True,True,True,True,True,protein_coding
DDX53,,,cancer-testis antigen,ENSG00000184735,CTpedia;CTexploreR_CT;daSilva2017,no data,no data,no data,True,False,no data,1.0,1.0,1.0,1.0,ENST00000327968,True,True,True,True,True,protein_coding
DPPA2,,,cancer-testis antigen,ENSG00000163530,CTpedia;CTexploreR_CT;daSilva2017,no data,no data,no data,True,False,no data,0.9722,0.973,1.0,1.0,ENST00000478945,True,True,True,True,True,protein_coding
FTHL17,,,cancer-testis antigen,ENSG00000132446,CTpedia;CTexploreR_CT;daSilva2017,no data,no data,no data,True,False,no data,0.9744,0.9744,1.0,1.0,ENST00000359202,True,True,True,True,True,protein_coding
HORMAD2,,,cancer-testis antigen,ENSG00000176635,CTpedia;daSilva2017,True,False,Enhanced,False,False,testis,0.8506,0.8506,0.925,0.925,ENST00000336726,True,True,False,False,True,protein_coding
LEMD1,,,cancer-testis antigen,ENSG00000186007,CTpedia;CTexploreR_CTP;daSilva2017,no data,no data,no data,False,False,no data,0.6192,0.6192,0.7518,0.7518,ENST00000495594,False,False,False,False,False,protein_coding
SYCP1,,,cancer-testis antigen,ENSG00000198765,CTpedia;CTexploreR_CT;daSilva2017,True,False,Enhanced,True,False,testis,0.9848,0.9848,1.0,1.0,ENST00000369522,True,True,True,True,True,protein_coding
TDRD1,,,cancer-testis antigen,ENSG00000095627,CTpedia,True,False,Enhanced,False,False,ovary; testis,0.668,0.6707,0.9625,0.9625,ENST00000251864,True,True,True,False,True,protein_coding
TEX15,,,cancer-testis antigen,ENSG00000133863,CTpedia;daSilva2017,True,False,Enhanced,False,False,testis,0.4485,0.4485,0.5514,0.5514,ENST00000643185,False,False,False,False,False,protein_coding
ACTL7A,,,cancer-testis antigen,ENSG00000187003,CTpedia;daSilva2017,True,False,Enhanced,True,False,testis,0.9987,0.9987,1.0,1.0,ENST00000333999,True,True,True,True,True,protein_coding
ACTL7B,,,cancer-testis antigen,ENSG00000148156,CTpedia;daSilva2017,True,False,Enhanced,True,False,testis,0.9991,0.9991,1.0,1.0,ENST00000374667,True,True,True,True,True,protein_coding
BOLL,,,cancer-testis antigen,ENSG00000152430,CTpedia;daSilva2017,True,False,Enhanced,False,False,testis,0.9065,0.9065,0.9425,0.9425,ENST00000321801,True,True,False,False,True,protein_coding
BRDT,,,cancer-testis antigen,ENSG00000137948,CTpedia;CTexploreR_CT;daSilva2017,True,False,Approved,False,False,testis,0.9443,0.9444,0.9876,0.9876,ENST00000394530,True,True,True,False,True,protein_coding
CALR3,,,cancer-testis antigen,ENSG00000269058,CTpedia;daSilva2017,True,False,Enhanced,True,False,testis,0.9813,0.9813,1.0,1.0,ENST00000269881,True,True,True,True,True,protein_coding
DDX4,,,cancer-testis antigen,ENSG00000152670,CTpedia;daSilva2017,True,False,Enhanced,True,False,testis,0.976,0.976,1.0,1.0,ENST00000353507,True,True,True,True,True,protein_coding
DMRTB1,,,cancer-testis antigen,ENSG00000143006,CTpedia;daSilva2017,True,False,Enhanced,True,False,testis,0.9854,0.9854,1.0,1.0,ENST00000371445,True,True,True,True,True,protein_coding
DPPA3,,,cancer-testis antigen,ENSG00000187569,CTpedia;daSilva2017,no data,no data,no data,False,False,no data,0.6508,0.6508,0.9688,0.9688,ENST00000345088,True,True,True,False,False,protein_coding
DPPA5,,,cancer-testis antigen,ENSG00000203909,CTpedia;daSilva2017,no data,no data,no data,True,False,no data,0.7647,0.7647,1.0,1.0,ENST00000370370,True,True,True,True,True,protein_coding
FKBP6,,,cancer-testis antigen,ENSG00000077800,CTpedia;daSilva2017,True,False,Enhanced,True,False,ovary; testis,0.9549,0.9551,1.0,1.0,ENST00000252037,True,True,True,True,True,protein_coding
GAGE1,,,cancer-testis antigen,ENSG00000205777,CTpedia;CTexploreR_CT;daSilva2017,True,False,Supported,True,False,testis,0.7826,0.7826,1.0,1.0,ENST00000381700,True,True,True,True,True,protein_coding
LDHC,,,cancer-testis antigen,ENSG00000166796,CTpedia;CTexploreR_CTP;daSilva2017,True,False,Enhanced,False,False,testis,0.9534,0.9534,0.9973,0.9973,ENST00000541669,True,True,True,True,True,protein_coding
MAEL,,,cancer-testis antigen,ENSG00000143194,CTpedia;CTexploreR_CTP;daSilva2017,True,False,Approved,False,False,testis,0.8242,0.8242,0.9163,0.9163,ENST00000622874,True,True,False,False,False,protein_coding
MAGEA12,,,cancer-testis antigen,ENSG00000213401,CTpedia;CTexploreR_CT;daSilva2017,no data,no data,no data,True,False,no data,0.5625,0.5625,1.0,1.0,ENST00000393869,True,True,True,True,True,protein_coding
MAGEA8,,,cancer-testis antigen,ENSG00000156009,CTpedia;CTexploreR_CT;daSilva2017,True,False,Enhanced,True,False,placenta; testis,0.9539,0.9539,1.0,1.0,ENST00000535454,True,True,True,True,True,protein_coding
MAGEB10,,,cancer-testis antigen,ENSG00000177689,CTpedia,no data,no data,no data,True,False,no data,0.6857,0.6857,1.0,1.0,ENST00000356790,True,True,True,True,True,protein_coding
MEIOB,,,cancer-testis antigen,ENSG00000162039,CTpedia;CTexploreR_CT;daSilva2017,no data,no data,no data,True,False,no data,0.8277,0.8318,1.0,1.0,ENST00000470044,True,True,True,True,True,protein_coding
NANOS2,,,cancer-testis antigen,ENSG00000188425,CTpedia;daSilva2017,True,False,Approved,True,False,testis,0.875,0.875,1.0,1.0,ENST00000341294,True,True,True,True,True,protein_coding
PASD1,,,cancer-testis antigen,ENSG00000166049,CTpedia;CTexploreR_CT;daSilva2017,True,False,Enhanced,True,False,placenta; testis,1.0,1.0,1.0,1.0,ENST00000370357,True,True,True,True,True,protein_coding
PIWIL1,,,cancer-testis antigen,ENSG00000125207,CTpedia;daSilva2017,True,False,Enhanced,False,False,testis,0.9305,0.9305,0.9976,0.9976,ENST00000245255,True,True,True,True,True,protein_coding
RAD21L1,,,cancer-testis antigen,ENSG00000244588,CTpedia;CTexploreR_CT;daSilva2017,True,False,Approved,True,False,testis,0.9043,0.9043,1.0,1.0,ENST00000402452,True,True,True,True,True,protein_coding
SMC1B,,,cancer-testis antigen,ENSG00000077935,CTpedia;daSilva2017,True,False,Enhanced,True,False,testis,0.9743,0.9744,1.0,1.0,ENST00000357450,True,True,True,True,True,protein_coding
SYCE2,,,cancer-testis antigen,ENSG00000161860,CTpedia;daSilva2017,True,False,Enhanced,False,True,testis,0.4486,0.4643,0.8286,0.8328,ENST00000293695,True,False,False,False,True,protein_coding
SYCP3,,,cancer-testis antigen,ENSG00000139351,CTpedia;CTexploreR_CTP;daSilva2017,True,False,Enhanced,True,False,testis,0.9586,0.9586,1.0,1.0,ENST00000392927,True,True,True,True,True,protein_coding
TEX14,,,cancer-testis antigen,ENSG00000121101,CTpedia;CTexploreR_CTP;daSilva2017,True,False,Enhanced,False,False,testis,0.7472,0.7472,0.974,0.974,ENST00000389934,True,True,True,False,True,protein_coding
UTF1,,,cancer-testis antigen,ENSG00000171794,CTpedia;daSilva2017,True,False,Enhanced,True,False,testis,0.913,0.913,1.0,1.0,ENST00000304477,True,True,True,True,True,protein_coding
ZPBP,,,cancer-testis antigen,ENSG00000042813,CTpedia;daSilva2017,True,False,Enhanced,False,False,testis,0.956,0.956,0.9754,0.9754,ENST00000046087,True,True,True,False,True,protein_coding
ZPBP2,,,cancer-testis antigen,ENSG00000186075,CTpedia;CTexploreR_CTP;daSilva2017,True,False,Enhanced,True,False,testis,0.9556,0.9556,1.0,1.0,ENST00000348931,True,True,True,True,True,protein_coding
C1orf94,,,cancer-testis antigen,ENSG00000142698,CTexploreR_CT;daSilva2017,no data,no data,no data,True,False,no data,0.819,0.819,1.0,1.0,ENST00000373374,True,True,True,True,True,protein_coding
ZC3H11B,,,cancer-testis antigen,ENSG00000215817,CTexploreR_CT,no data,no data,no data,True,False,no data,0.5052,0.5052,1.0,1.0,ENST00000651890,True,True,True,True,True,protein_coding
WDR64,,,cancer-testis antigen,ENSG00000162843,CTexploreR_CT;daSilva2017,no data,no data,no data,True,False,no data,0.8966,0.8966,1.0,1.0,ENST00000437684,True,True,True,True,True,protein_coding
POTEF,,,cancer-testis antigen,ENSG00000196604,CTexploreR_CT;daSilva2017,no data,no data,no data,True,False,no data,0.7826,0.7826,1.0,1.0,ENST00000409914,True,True,True,True,True,protein_coding
COX7B2,,,cancer-testis antigen,ENSG00000170516,CTexploreR_CT;daSilva2017,no data,no data,no data,True,False,no data,0.9976,0.9976,1.0,1.0,ENST00000355591,True,True,True,True,True,protein_coding
RBM46,,,cancer-testis antigen,ENSG00000151962,CTexploreR_CT;daSilva2017,no data,no data,no data,True,False,no data,0.9573,0.9574,1.0,1.0,ENST00000281722,True,True,True,True,True,protein_coding
TRIML2,,,cancer-testis antigen,ENSG00000179046,CTexploreR_CT;daSilva2017,no data,no data,no data,True,False,no data,0.8767,0.8767,1.0,1.0,ENST00000682553,True,True,True,True,True,protein_coding
RFPL4B,,,cancer-testis antigen,ENSG00000251258,CTexploreR_CT;daSilva2017,no data,no data,no data,True,False,no data,0.8636,0.8636,1.0,1.0,ENST00000441065,True,True,True,True,True,protein_coding
ZNF722,,,cancer-testis antigen,ENSG00000241149,CTexploreR_CT,no data,no data,no data,True,False,no data,0.9444,0.9444,1.0,1.0,ENST00000330020,True,True,True,True,True,protein_coding
DCAF4L2,,,cancer-testis antigen,ENSG00000176566,CTexploreR_CT;daSilva2017,True,False,Uncertain,True,False,testis,1.0,1.0,1.0,1.0,ENST00000319675,True,True,True,True,True,protein_coding
TEX48,,,cancer-testis antigen,ENSG00000230601,CTexploreR_CT,no data,no data,no data,True,False,no data,0.9923,0.9923,1.0,1.0,ENST00000436752,True,True,True,True,True,protein_coding
TUBA3C,,,cancer-testis antigen,ENSG00000198033,CTexploreR_CT;daSilva2017,no data,no data,no data,True,False,no data,0.9952,0.9952,1.0,1.0,ENST00000400113,True,True,True,True,True,protein_coding
CBY2,,,cancer-testis antigen,ENSG00000174015,CTexploreR_CT,True,False,Enhanced,True,False,testis,0.9948,0.9948,1.0,1.0,ENST00000310521,True,True,True,True,True,protein_coding
GARIN2,,,cancer-testis antigen,ENSG00000172717,CTexploreR_CT,no data,no data,no data,True,False,no data,0.883,0.8835,1.0,1.0,ENST00000612183,True,True,True,True,True,protein_coding
GOLGA6L7,,,cancer-testis antigen,ENSG00000261649,CTexploreR_CT,no data,no data,no data,True,False,no data,0.9441,0.9441,1.0,1.0,ENST00000567390,True,True,True,True,True,protein_coding
PRDM7,,,cancer-testis antigen,ENSG00000126856,CTexploreR_CT;daSilva2017,True,False,Approved,True,False,testis,1.0,1.0,1.0,1.0,ENST00000449207,True,True,True,True,True,protein_coding
CHCT1,,,cancer-testis antigen,ENSG00000141371,CTexploreR_CT,True,False,Enhanced,True,False,testis,0.9676,0.9677,1.0,1.0,ENST00000461535,True,True,True,True,True,protein_coding
POTEC,,,cancer-testis antigen,ENSG00000183206,CTexploreR_CT;daSilva2017,no data,no data,no data,True,False,no data,1.0,1.0,1.0,1.0,ENST00000358970,True,True,True,True,True,protein_coding
ZNF729,,,cancer-testis antigen,ENSG00000196350,CTexploreR_CT;daSilva2017,no data,no data,no data,True,False,no data,0.95,0.95,1.0,1.0,ENST00000601693,True,True,True,True,True,protein_coding
ZNF723,,,cancer-testis antigen,ENSG00000268696,CTexploreR_CT,no data,no data,no data,True,False,no data,0.8293,0.8293,1.0,1.0,ENST00000600766,True,True,True,True,True,protein_coding
GFY,,,cancer-testis antigen,ENSG00000261949,CTexploreR_CT,no data,no data,no data,True,False,no data,0.52,0.52,1.0,1.0,ENST00000576655,True,True,True,True,True,protein_coding
CSTL1,,,cancer-testis antigen,ENSG00000125823,CTexploreR_CT;daSilva2017,no data,no data,no data,True,False,no data,0.9444,0.9444,1.0,1.0,ENST00000246020,True,True,True,True,True,protein_coding
VCX3A,,,cancer-testis antigen,ENSG00000169059,CTexploreR_CT;daSilva2017,True,False,Supported,True,False,testis,0.9255,0.9255,1.0,1.0,ENST00000381089,True,True,True,True,True,protein_coding
VCX,,,cancer-testis antigen,ENSG00000182583,CTexploreR_CT;daSilva2017,True,False,Supported,True,False,testis,0.9078,0.9078,1.0,1.0,ENST00000381059,True,True,True,True,True,protein_coding
VCX3B,,,cancer-testis antigen,ENSG00000205642,CTexploreR_CT;daSilva2017,True,False,Supported,True,False,testis,0.8812,0.8812,1.0,1.0,ENST00000381032,True,True,True,True,True,protein_coding
PPP4R3C,,,cancer-testis antigen,ENSG00000224960,CTexploreR_CT,no data,no data,no data,True,False,no data,1.0,1.0,1.0,1.0,ENST00000412172,True,True,True,True,True,protein_coding
DCAF8L2,,,cancer-testis antigen,ENSG00000189186,CTexploreR_CT;daSilva2017,no data,no data,no data,True,False,no data,1.0,1.0,1.0,1.0,ENST00000451261,True,True,True,True,True,protein_coding
SSX5,,,cancer-testis antigen,ENSG00000165583,CTexploreR_CT;daSilva2017,True,False,Supported,False,False,testis,0.2667,0.2667,1.0,1.0,ENST00000347757,True,True,True,True,True,protein_coding
CXorf49,,,cancer-testis antigen,ENSG00000215115,CTexploreR_CT;daSilva2017,no data,no data,no data,True,False,no data,1.0,1.0,1.0,1.0,ENST00000535490,True,True,True,True,True,protein_coding
CXorf49B,,,cancer-testis antigen,ENSG00000215113,CTexploreR_CT;daSilva2017,no data,no data,no data,True,False,no data,1.0,1.0,1.0,1.0,ENST00000542739,True,True,True,True,True,protein_coding
TGIF2LX,,,cancer-testis antigen,ENSG00000153779,CTexploreR_CT;daSilva2017,True,False,Supported,True,False,testis,1.0,1.0,1.0,1.0,ENST00000283891,True,True,True,True,True,protein_coding
ESX1,,,cancer-testis antigen,ENSG00000123576,CTexploreR_CT;daSilva2017,True,False,Enhanced,True,False,testis,1.0,1.0,1.0,1.0,ENST00000372588,True,True,True,True,True,protein_coding
TEX13C,,,cancer-testis antigen,ENSG00000282815,CTexploreR_CT,no data,no data,no data,True,False,no data,1.0,1.0,1.0,1.0,ENST00000695841,True,True,True,True,True,protein_coding
CT55,,,cancer-testis antigen,ENSG00000169551,CTexploreR_CT,no data,no data,no data,True,False,no data,0.6981,0.6981,1.0,1.0,ENST00000276241,True,True,True,True,True,protein_coding
CT45A10,,,cancer-testis antigen,ENSG00000269586,CTexploreR_CT;daSilva2017,True,False,Supported,False,False,testis,0.5882,0.5882,0.9278,0.9278,ENST00000682849,True,True,False,False,True,protein_coding
CXorf51B,,,cancer-testis antigen,ENSG00000235699,CTexploreR_CT;daSilva2017,no data,no data,no data,True,False,no data,0.9993,0.9993,1.0,1.0,ENST00000438525,True,True,True,True,True,protein_coding
VCY,,,cancer-testis antigen,ENSG00000129864,CTexploreR_CT;daSilva2017,True,False,Supported,True,False,testis,1.0,1.0,1.0,1.0,ENST00000250825,True,True,True,True,True,protein_coding
VCY1B,,,cancer-testis antigen,ENSG00000129862,CTexploreR_CT;daSilva2017,True,False,Supported,True,False,testis,1.0,1.0,1.0,1.0,ENST00000250823,True,True,True,True,True,protein_coding
RBMY1B,,,cancer-testis antigen,ENSG00000242875,CTexploreR_CT;daSilva2017,True,False,Supported,False,False,testis,1.0,1.0,1.0,1.0,ENST00000383020,True,True,True,True,True,protein_coding
RBMY1A1,,,cancer-testis antigen,ENSG00000234414,CTexploreR_CT;daSilva2017,True,False,Supported,True,False,testis,1.0,1.0,1.0,1.0,ENST00000382707,True,True,True,True,True,protein_coding
RBMY1E,,,cancer-testis antigen,ENSG00000242389,CTexploreR_CT;daSilva2017,True,False,Supported,True,False,testis,1.0,1.0,1.0,1.0,ENST00000382658,True,True,True,True,True,protein_coding
AKNAD1,,,cancer-testis antigen,ENSG00000162641,CTexploreR_CTP;daSilva2017,no data,no data,no data,True,False,no data,1.0,1.0,1.0,1.0,ENST00000357393,True,True,True,True,True,protein_coding
DCAF4L1,,,cancer-testis antigen,ENSG00000182308,CTexploreR_CTP;daSilva2017,True,False,Enhanced,False,False,testis,0.7067,0.7067,0.9959,0.9959,ENST00000333141,True,True,True,True,True,protein_coding
NAA11,,,cancer-testis antigen,ENSG00000156269,CTexploreR_CTP;daSilva2017,True,False,Approved,True,False,placenta; testis,0.8929,0.8929,1.0,1.0,ENST00000286794,True,True,True,True,True,protein_coding
OOEP,,,cancer-testis antigen,ENSG00000203907,CTexploreR_CTP,True,False,Approved,False,False,ovary,0.6331,0.6331,0.953,0.953,ENST00000370363,True,True,True,False,True,protein_coding
TMEM270,,,cancer-testis antigen,ENSG00000175877,CTexploreR_CTP,no data,no data,no data,True,False,no data,0.9742,0.9742,1.0,1.0,ENST00000320531,True,True,True,True,True,protein_coding
ANKRD7,,,cancer-testis antigen,ENSG00000106013,CTexploreR_CTP;daSilva2017,no data,no data,no data,False,False,no data,0.9835,0.9835,0.9989,0.9989,ENST00000477532,True,True,True,True,True,protein_coding
RNF148,,,cancer-testis antigen,ENSG00000235631,CTexploreR_CTP;daSilva2017,no data,no data,no data,True,False,no data,0.8872,0.8872,1.0,1.0,ENST00000434824,True,True,True,True,True,protein_coding
GARIN1B,,,cancer-testis antigen,ENSG00000135248,CTexploreR_CTP,no data,no data,no data,False,False,no data,0.9194,0.9194,1.0,1.0,ENST00000485070,True,True,True,True,True,protein_coding
TMEM210,,,cancer-testis antigen,ENSG00000185863,CTexploreR_CTP;daSilva2017,True,False,Enhanced,False,False,testis,0.8324,0.8324,0.973,0.973,ENST00000413619,True,True,True,False,True,protein_coding
C12orf42,,,cancer-testis antigen,ENSG00000179088,CTexploreR_CTP,no data,no data,no data,False,True,no data,0.8227,0.8333,1.0,1.0,ENST00000378113,True,True,True,True,True,protein_coding
CCDC196,,,cancer-testis antigen,ENSG00000196553,CTexploreR_CTP,no data,no data,no data,True,False,no data,0.9815,0.9815,1.0,1.0,ENST00000636229,True,True,True,True,True,protein_coding
LRRC36,,,cancer-testis antigen,ENSG00000159708,CTexploreR_CTP,True,False,Enhanced,False,False,testis,0.775,0.775,0.8731,0.8731,ENST00000329956,True,False,False,False,True,protein_coding
DPEP3,,,cancer-testis antigen,ENSG00000141096,CTexploreR_CTP;daSilva2017,True,False,Enhanced,False,False,testis,0.8255,0.8259,0.9641,0.9641,ENST00000672962,True,True,True,False,True,protein_coding
FBXO39,,,cancer-testis antigen,ENSG00000177294,CTexploreR_CTP;daSilva2017,no data,no data,no data,True,False,no data,0.8575,0.8579,1.0,1.0,ENST00000321535,True,True,True,True,True,protein_coding
C17orf50,,,cancer-testis antigen,ENSG00000270806,CTexploreR_CTP;daSilva2017,no data,no data,no data,False,False,no data,0.9303,0.9303,0.999,0.999,ENST00000605587,True,True,True,True,True,protein_coding
MEIOC,,,cancer-testis antigen,ENSG00000180336,CTexploreR_CTP,True,False,Enhanced,False,False,testis,0.6686,0.6686,0.9094,0.9094,ENST00000409122,True,True,False,False,True,protein_coding
C20orf141,,,cancer-testis antigen,ENSG00000258713,CTexploreR_CTP;daSilva2017,no data,no data,no data,False,False,no data,0.9688,0.9688,0.9953,0.9953,ENST00000603872,True,True,True,True,True,protein_coding
EFCAB8,,,cancer-testis antigen,ENSG00000215529,CTexploreR_CTP,no data,no data,no data,True,False,no data,0.5323,0.5397,1.0,1.0,ENST00000400522,True,True,True,True,True,protein_coding
GAGE12C,,,cancer-testis antigen,ENSG00000237671,CTexploreR_CTP;daSilva2017,True,False,Supported,True,False,testis,1.0,1.0,1.0,1.0,ENST00000420398,True,True,True,True,True,protein_coding
GAGE12F,,,cancer-testis antigen,ENSG00000236362,CTexploreR_CTP;daSilva2017,True,False,Supported,False,False,testis,0.9121,0.9121,0.9281,0.9281,ENST00000639028,True,True,False,False,True,protein_coding
TKTL1,,,cancer-testis antigen,ENSG00000007350,CTexploreR_CTP;daSilva2017,True,False,Enhanced,False,False,testis,0.8927,0.893,0.9703,0.9703,ENST00000369915,True,True,True,False,True,protein_coding
